"","PC1","PC2","PC3","PC4","species","group"
"1",-0.170006192219851,-0.0239036930920201,0.029877641101603,-0.00774598302168497,"H.ligatus","hal"
"2",-0.272549656263246,0.0915944692021739,-0.241031732367399,0.0956708798908799,"H.ligatus","hal"
"3",0.545064613389489,0.397992910758444,-0.850187395404199,0.186005340106408,"H.ligatus","hal"
"4",0.714013829331308,0.60743918344063,-0.845572807089357,0.0127350759411844,"H.ligatus","hal"
"5",0.803657323957227,1.07864485905473,-0.61351184276692,0.655095982179133,"H.ligatus","hal"
"6",-0.170006192219851,-0.0239036930920201,0.029877641101603,-0.00774598302168497,"L.baleicum","hal"
"7",-0.272549656263246,0.0915944692021739,-0.241031732367399,0.0956708798908799,"L.baleicum","hal"
"8",0.545064613389489,0.397992910758444,-0.850187395404199,0.186005340106408,"L.baleicum","hal"
"9",0.714013829331308,0.60743918344063,-0.845572807089357,0.0127350759411844,"L.baleicum","hal"
"10",0.798606653992253,0.583749328261488,-0.925242160452887,-0.336191649264373,"L.baleicum","hal"
"11",1.06870041279448,1.53081586472578,-1.36749411701288,0.416683119891362,"L.baleicum","hal"
"12",-0.170006192219851,-0.0239036930920201,0.029877641101603,-0.00774598302168497,"L.zephyrum","hal"
"13",-0.272549656263246,0.0915944692021739,-0.241031732367399,0.0956708798908799,"L.zephyrum","hal"
"14",0.545064613389489,0.397992910758444,-0.850187395404199,0.186005340106408,"L.zephyrum","hal"
"15",0.714013829331308,0.60743918344063,-0.845572807089357,0.0127350759411844,"L.zephyrum","hal"
"16",0.798606653992253,0.583749328261488,-0.925242160452887,-0.336191649264373,"L.zephyrum","hal"
"17",0.796164264384137,0.563221208936122,-0.919045109407488,-0.364840096281857,"L.zephyrum","hal"
"18",0.639673066870761,0.577566452427316,-0.89083284619906,-0.30685273992327,"L.zephyrum","hal"
"19",1.45104158461977,1.10229893019066,-1.11217871329961,-0.152961461630179,"L.zephyrum","hal"
"20",-0.170006192219851,-0.0239036930920201,0.029877641101603,-0.00774598302168497,"L.villosulum","hal"
"21",-0.272549656263246,0.0915944692021739,-0.241031732367399,0.0956708798908799,"L.villosulum","hal"
"22",0.545064613389489,0.397992910758444,-0.850187395404199,0.186005340106408,"L.villosulum","hal"
"23",0.714013829331308,0.60743918344063,-0.845572807089357,0.0127350759411844,"L.villosulum","hal"
"24",0.798606653992253,0.583749328261488,-0.925242160452887,-0.336191649264373,"L.villosulum","hal"
"25",0.796164264384137,0.563221208936122,-0.919045109407488,-0.364840096281857,"L.villosulum","hal"
"26",0.639673066870761,0.577566452427316,-0.89083284619906,-0.30685273992327,"L.villosulum","hal"
"27",-2.10366227381184,0.229933560176673,-0.321191621777113,0.255140607472971,"L.villosulum","hal"
"28",-0.170006192219851,-0.0239036930920201,0.029877641101603,-0.00774598302168497,"L.marginatum","hal"
"29",-0.272549656263246,0.0915944692021739,-0.241031732367399,0.0956708798908799,"L.marginatum","hal"
"30",0.545064613389489,0.397992910758444,-0.850187395404199,0.186005340106408,"L.marginatum","hal"
"31",0.714013829331308,0.60743918344063,-0.845572807089357,0.0127350759411844,"L.marginatum","hal"
"32",0.798606653992253,0.583749328261488,-0.925242160452887,-0.336191649264373,"L.marginatum","hal"
"33",0.796164264384137,0.563221208936122,-0.919045109407488,-0.364840096281857,"L.marginatum","hal"
"34",2.76930880335479,-0.597423621417673,-1.00296953571382,-2.49129935388452,"L.marginatum","hal"
"35",-0.170006192219851,-0.0239036930920201,0.029877641101603,-0.00774598302168497,"A.amphitrite","hal"
"36",-0.272549656263246,0.0915944692021739,-0.241031732367399,0.0956708798908799,"A.amphitrite","hal"
"37",0.545064613389489,0.397992910758444,-0.850187395404199,0.186005340106408,"A.amphitrite","hal"
"38",0.994994723975154,0.356699182943424,-1.37283561666095,0.511411443339768,"A.amphitrite","hal"
"39",1.05095398377043,0.386189300019856,-1.38895643217925,0.457831613795336,"A.amphitrite","hal"
"40",1.16339605993097,0.457270998884926,-1.45534959970668,0.475686416345467,"A.amphitrite","hal"
"41",0.948956344108106,0.391916020471054,-1.70311045911374,0.503477595690965,"A.amphitrite","hal"
"42",-0.170006192219851,-0.0239036930920201,0.029877641101603,-0.00774598302168497,"A.phoemonoe","hal"
"43",-0.272549656263246,0.0915944692021739,-0.241031732367399,0.0956708798908799,"A.phoemonoe","hal"
"44",0.545064613389489,0.397992910758444,-0.850187395404199,0.186005340106408,"A.phoemonoe","hal"
"45",0.994994723975154,0.356699182943424,-1.37283561666095,0.511411443339768,"A.phoemonoe","hal"
"46",1.05095398377043,0.386189300019856,-1.38895643217925,0.457831613795336,"A.phoemonoe","hal"
"47",1.16339605993097,0.457270998884926,-1.45534959970668,0.475686416345467,"A.phoemonoe","hal"
"48",1.47190192663794,0.582091093349963,-1.26313152446697,0.462832100397714,"A.phoemonoe","hal"
"49",-0.170006192219851,-0.0239036930920201,0.029877641101603,-0.00774598302168497,"A.striata","hal"
"50",-0.272549656263246,0.0915944692021739,-0.241031732367399,0.0956708798908799,"A.striata","hal"
"51",0.545064613389489,0.397992910758444,-0.850187395404199,0.186005340106408,"A.striata","hal"
"52",0.994994723975154,0.356699182943424,-1.37283561666095,0.511411443339768,"A.striata","hal"
"53",1.05095398377043,0.386189300019856,-1.38895643217925,0.457831613795336,"A.striata","hal"
"54",1.09756604531174,0.389035007330155,-1.33993967621353,0.18268256077542,"A.striata","hal"
"55",-0.170006192219851,-0.0239036930920201,0.029877641101603,-0.00774598302168497,"M.genalis","hal"
"56",-0.272549656263246,0.0915944692021739,-0.241031732367399,0.0956708798908799,"M.genalis","hal"
"57",0.545064613389489,0.397992910758444,-0.850187395404199,0.186005340106408,"M.genalis","hal"
"58",0.994994723975154,0.356699182943424,-1.37283561666095,0.511411443339768,"M.genalis","hal"
"59",1.15470214057733,0.150792189367981,-1.82834828911267,1.14639271225799,"M.genalis","hal"
"60",-0.170006192219851,-0.0239036930920201,0.029877641101603,-0.00774598302168497,"D.novaeangliae","hal"
"61",-0.272549656263246,0.0915944692021739,-0.241031732367399,0.0956708798908799,"D.novaeangliae","hal"
"62",-2.87946608949184,-0.3223419469378,0.430916218497417,0.227339440978118,"D.novaeangliae","hal"
"63",-0.170006192219851,-0.0239036930920201,0.029877641101603,-0.00774598302168497,"E.meriana","eug"
"64",-0.151240844216207,-0.0450397374947596,0.0794537766263758,-0.0266711621162607,"E.meriana","eug"
"65",0.0801006932211092,-0.0377842905502526,0.123921382198745,-0.0693146002067585,"E.meriana","eug"
"66",0.509678617391899,0.0111399093284344,0.159313956284224,-0.11430604408932,"E.meriana","eug"
"67",1.64822756136077,-0.423425034931177,0.50606747014268,-0.444976381707065,"E.meriana","eug"
"68",-1.17835246650813,0.111632355511668,0.0613902759647534,0.195695353537094,"E.meriana","eug"
"69",-2.10460583917673,-0.336483689218025,0.245632012710765,0.0699493866222044,"E.meriana","eug"
"70",-2.74543048756274,-0.310704909111046,0.611722918766084,-0.0122940609803248,"E.meriana","eug"
"71",-0.170006192219851,-0.0239036930920201,0.029877641101603,-0.00774598302168497,"E.nigrita","eug"
"72",-0.151240844216207,-0.0450397374947596,0.0794537766263758,-0.0266711621162607,"E.nigrita","eug"
"73",0.0801006932211092,-0.0377842905502526,0.123921382198745,-0.0693146002067585,"E.nigrita","eug"
"74",0.509678617391899,0.0111399093284344,0.159313956284224,-0.11430604408932,"E.nigrita","eug"
"75",1.64822756136077,-0.423425034931177,0.50606747014268,-0.444976381707065,"E.nigrita","eug"
"76",-1.17835246650813,0.111632355511668,0.0613902759647534,0.195695353537094,"E.nigrita","eug"
"77",-2.10460583917673,-0.336483689218025,0.245632012710765,0.0699493866222044,"E.nigrita","eug"
"78",-2.6817778466089,-0.951522233450602,0.12181371352569,-0.0131595107213369,"E.nigrita","eug"
"79",-0.170006192219851,-0.0239036930920201,0.029877641101603,-0.00774598302168497,"E.atroveneta","eug"
"80",-0.151240844216207,-0.0450397374947596,0.0794537766263758,-0.0266711621162607,"E.atroveneta","eug"
"81",0.0801006932211092,-0.0377842905502526,0.123921382198745,-0.0693146002067585,"E.atroveneta","eug"
"82",0.509678617391899,0.0111399093284344,0.159313956284224,-0.11430604408932,"E.atroveneta","eug"
"83",1.64822756136077,-0.423425034931177,0.50606747014268,-0.444976381707065,"E.atroveneta","eug"
"84",-1.17835246650813,0.111632355511668,0.0613902759647534,0.195695353537094,"E.atroveneta","eug"
"85",-0.749612666574069,0.823035466941202,-0.290621360093062,0.525263101440538,"E.atroveneta","eug"
"86",0.0452646963439192,1.29471956498993,-0.527356466447074,0.873461305906661,"E.atroveneta","eug"
"87",0.100402203896187,1.35601426265261,-0.518383890932285,0.895026037513764,"E.atroveneta","eug"
"88",0.23671894845629,1.42267388360697,-0.580332261186971,0.965152513853473,"E.atroveneta","eug"
"89",0.0329935329443805,1.14239496169876,-0.745163774706276,0.716664746914907,"E.atroveneta","eug"
"90",-0.170006192219851,-0.0239036930920201,0.029877641101603,-0.00774598302168497,"E.townsendi","eug"
"91",-0.151240844216207,-0.0450397374947596,0.0794537766263758,-0.0266711621162607,"E.townsendi","eug"
"92",0.0801006932211092,-0.0377842905502526,0.123921382198745,-0.0693146002067585,"E.townsendi","eug"
"93",0.509678617391899,0.0111399093284344,0.159313956284224,-0.11430604408932,"E.townsendi","eug"
"94",1.64822756136077,-0.423425034931177,0.50606747014268,-0.444976381707065,"E.townsendi","eug"
"95",-1.17835246650813,0.111632355511668,0.0613902759647534,0.195695353537094,"E.townsendi","eug"
"96",-0.749612666574069,0.823035466941202,-0.290621360093062,0.525263101440538,"E.townsendi","eug"
"97",0.0452646963439192,1.29471956498993,-0.527356466447074,0.873461305906661,"E.townsendi","eug"
"98",0.100402203896187,1.35601426265261,-0.518383890932285,0.895026037513764,"E.townsendi","eug"
"99",0.23671894845629,1.42267388360697,-0.580332261186971,0.965152513853473,"E.townsendi","eug"
"100",0.702793562305268,1.83124297394065,-0.534723850647793,1.34860260628841,"E.townsendi","eug"
"101",-0.170006192219851,-0.0239036930920201,0.029877641101603,-0.00774598302168497,"E.viridissima","eug"
"102",-0.151240844216207,-0.0450397374947596,0.0794537766263758,-0.0266711621162607,"E.viridissima","eug"
"103",0.0801006932211092,-0.0377842905502526,0.123921382198745,-0.0693146002067585,"E.viridissima","eug"
"104",0.509678617391899,0.0111399093284344,0.159313956284224,-0.11430604408932,"E.viridissima","eug"
"105",1.64822756136077,-0.423425034931177,0.50606747014268,-0.444976381707065,"E.viridissima","eug"
"106",-1.17835246650813,0.111632355511668,0.0613902759647534,0.195695353537094,"E.viridissima","eug"
"107",-0.749612666574069,0.823035466941202,-0.290621360093062,0.525263101440538,"E.viridissima","eug"
"108",0.0452646963439192,1.29471956498993,-0.527356466447074,0.873461305906661,"E.viridissima","eug"
"109",0.100402203896187,1.35601426265261,-0.518383890932285,0.895026037513764,"E.viridissima","eug"
"110",0.211012348545701,1.72721127966249,-0.254337468207654,0.889119292128975,"E.viridissima","eug"
"111",-0.170006192219851,-0.0239036930920201,0.029877641101603,-0.00774598302168497,"E.melanotricha","eug"
"112",-0.151240844216207,-0.0450397374947596,0.0794537766263758,-0.0266711621162607,"E.melanotricha","eug"
"113",0.0801006932211092,-0.0377842905502526,0.123921382198745,-0.0693146002067585,"E.melanotricha","eug"
"114",0.509678617391899,0.0111399093284344,0.159313956284224,-0.11430604408932,"E.melanotricha","eug"
"115",1.64822756136077,-0.423425034931177,0.50606747014268,-0.444976381707065,"E.melanotricha","eug"
"116",-1.17835246650813,0.111632355511668,0.0613902759647534,0.195695353537094,"E.melanotricha","eug"
"117",-0.749612666574069,0.823035466941202,-0.290621360093062,0.525263101440538,"E.melanotricha","eug"
"118",0.0452646963439192,1.29471956498993,-0.527356466447074,0.873461305906661,"E.melanotricha","eug"
"119",0.370160975177134,1.35640228377369,-0.740632165213974,1.02765918938742,"E.melanotricha","eug"
"120",0.233155836444862,1.27660072855268,-1.02748787703852,0.997137051761826,"E.melanotricha","eug"
"121",-0.170006192219851,-0.0239036930920201,0.029877641101603,-0.00774598302168497,"E.cordata","eug"
"122",-0.151240844216207,-0.0450397374947596,0.0794537766263758,-0.0266711621162607,"E.cordata","eug"
"123",0.0801006932211092,-0.0377842905502526,0.123921382198745,-0.0693146002067585,"E.cordata","eug"
"124",0.509678617391899,0.0111399093284344,0.159313956284224,-0.11430604408932,"E.cordata","eug"
"125",1.64822756136077,-0.423425034931177,0.50606747014268,-0.444976381707065,"E.cordata","eug"
"126",-1.17835246650813,0.111632355511668,0.0613902759647534,0.195695353537094,"E.cordata","eug"
"127",-0.749612666574069,0.823035466941202,-0.290621360093062,0.525263101440538,"E.cordata","eug"
"128",0.0452646963439192,1.29471956498993,-0.527356466447074,0.873461305906661,"E.cordata","eug"
"129",0.370160975177134,1.35640228377369,-0.740632165213974,1.02765918938742,"E.cordata","eug"
"130",0.907123723801894,1.51213721953393,-0.716325593789859,1.24800380558658,"E.cordata","eug"
"131",-0.170006192219851,-0.0239036930920201,0.029877641101603,-0.00774598302168497,"E.dodsoni","eug"
"132",-0.151240844216207,-0.0450397374947596,0.0794537766263758,-0.0266711621162607,"E.dodsoni","eug"
"133",0.0801006932211092,-0.0377842905502526,0.123921382198745,-0.0693146002067585,"E.dodsoni","eug"
"134",0.509678617391899,0.0111399093284344,0.159313956284224,-0.11430604408932,"E.dodsoni","eug"
"135",1.64822756136077,-0.423425034931177,0.50606747014268,-0.444976381707065,"E.dodsoni","eug"
"136",-1.17835246650813,0.111632355511668,0.0613902759647534,0.195695353537094,"E.dodsoni","eug"
"137",-0.749612666574069,0.823035466941202,-0.290621360093062,0.525263101440538,"E.dodsoni","eug"
"138",-1.59900216393893,0.502988534631385,-0.127964080328515,0.210257749187923,"E.dodsoni","eug"
"139",-2.87658026776318,-0.243368899025775,0.387330103910342,0.154819632640536,"E.dodsoni","eug"
"140",-0.170006192219851,-0.0239036930920201,0.029877641101603,-0.00774598302168497,"E.hyacinthina","eug"
"141",-0.151240844216207,-0.0450397374947596,0.0794537766263758,-0.0266711621162607,"E.hyacinthina","eug"
"142",0.0801006932211092,-0.0377842905502526,0.123921382198745,-0.0693146002067585,"E.hyacinthina","eug"
"143",0.509678617391899,0.0111399093284344,0.159313956284224,-0.11430604408932,"E.hyacinthina","eug"
"144",1.64822756136077,-0.423425034931177,0.50606747014268,-0.444976381707065,"E.hyacinthina","eug"
"145",-1.17835246650813,0.111632355511668,0.0613902759647534,0.195695353537094,"E.hyacinthina","eug"
"146",-0.749612666574069,0.823035466941202,-0.290621360093062,0.525263101440538,"E.hyacinthina","eug"
"147",-1.59900216393893,0.502988534631385,-0.127964080328515,0.210257749187923,"E.hyacinthina","eug"
"148",-1.20417481861543,0.916728631802957,-0.47421233506944,-0.0616818738005319,"E.hyacinthina","eug"
"149",-0.170006192219851,-0.0239036930920201,0.029877641101603,-0.00774598302168497,"A.cerana","api"
"150",-0.151240844216207,-0.0450397374947596,0.0794537766263758,-0.0266711621162607,"A.cerana","api"
"151",0.0801006932211092,-0.0377842905502526,0.123921382198745,-0.0693146002067585,"A.cerana","api"
"152",0.509678617391899,0.0111399093284344,0.159313956284224,-0.11430604408932,"A.cerana","api"
"153",1.64822756136077,-0.423425034931177,0.50606747014268,-0.444976381707065,"A.cerana","api"
"154",2.08708358558752,-0.554329875713636,0.611714479682808,-0.560302285527517,"A.cerana","api"
"155",5.54762874342994,-0.728997993205253,3.81364327850616,-0.943694232283368,"A.cerana","api"
"156",5.83630215734877,-0.70318647507234,4.04740460918605,-1.16719392014863,"A.cerana","api"
"157",5.91048033531503,-0.70454010455293,4.1328772557103,-1.19488203345186,"A.cerana","api"
"158",6.08321002379356,-0.867691567572936,4.10258290672133,-1.31315659973325,"A.cerana","api"
"159",-0.170006192219851,-0.0239036930920201,0.029877641101603,-0.00774598302168497,"A.mellifera","api"
"160",-0.151240844216207,-0.0450397374947596,0.0794537766263758,-0.0266711621162607,"A.mellifera","api"
"161",0.0801006932211092,-0.0377842905502526,0.123921382198745,-0.0693146002067585,"A.mellifera","api"
"162",0.509678617391899,0.0111399093284344,0.159313956284224,-0.11430604408932,"A.mellifera","api"
"163",1.64822756136077,-0.423425034931177,0.50606747014268,-0.444976381707065,"A.mellifera","api"
"164",2.08708358558752,-0.554329875713636,0.611714479682808,-0.560302285527517,"A.mellifera","api"
"165",5.54762874342994,-0.728997993205253,3.81364327850616,-0.943694232283368,"A.mellifera","api"
"166",5.83630215734877,-0.70318647507234,4.04740460918605,-1.16719392014863,"A.mellifera","api"
"167",5.91048033531503,-0.70454010455293,4.1328772557103,-1.19488203345186,"A.mellifera","api"
"168",6.14493118712739,-0.548819025770048,4.6323499833893,-1.22859369150451,"A.mellifera","api"
"169",-0.170006192219851,-0.0239036930920201,0.029877641101603,-0.00774598302168497,"A.dorsata","api"
"170",-0.151240844216207,-0.0450397374947596,0.0794537766263758,-0.0266711621162607,"A.dorsata","api"
"171",0.0801006932211092,-0.0377842905502526,0.123921382198745,-0.0693146002067585,"A.dorsata","api"
"172",0.509678617391899,0.0111399093284344,0.159313956284224,-0.11430604408932,"A.dorsata","api"
"173",1.64822756136077,-0.423425034931177,0.50606747014268,-0.444976381707065,"A.dorsata","api"
"174",2.08708358558752,-0.554329875713636,0.611714479682808,-0.560302285527517,"A.dorsata","api"
"175",5.54762874342994,-0.728997993205253,3.81364327850616,-0.943694232283368,"A.dorsata","api"
"176",5.83630215734877,-0.70318647507234,4.04740460918605,-1.16719392014863,"A.dorsata","api"
"177",6.19928825631778,-0.618906010636775,4.17648528657423,-1.64123687585415,"A.dorsata","api"
"178",-0.170006192219851,-0.0239036930920201,0.029877641101603,-0.00774598302168497,"A.florea","api"
"179",-0.151240844216207,-0.0450397374947596,0.0794537766263758,-0.0266711621162607,"A.florea","api"
"180",0.0801006932211092,-0.0377842905502526,0.123921382198745,-0.0693146002067585,"A.florea","api"
"181",0.509678617391899,0.0111399093284344,0.159313956284224,-0.11430604408932,"A.florea","api"
"182",1.64822756136077,-0.423425034931177,0.50606747014268,-0.444976381707065,"A.florea","api"
"183",2.08708358558752,-0.554329875713636,0.611714479682808,-0.560302285527517,"A.florea","api"
"184",5.54762874342994,-0.728997993205253,3.81364327850616,-0.943694232283368,"A.florea","api"
"185",5.99009932987844,-0.909827456869327,4.35389830591124,-0.241024789681152,"A.florea","api"
"186",-0.170006192219851,-0.0239036930920201,0.029877641101603,-0.00774598302168497,"M.scutellaris","mel"
"187",-0.151240844216207,-0.0450397374947596,0.0794537766263758,-0.0266711621162607,"M.scutellaris","mel"
"188",0.0801006932211092,-0.0377842905502526,0.123921382198745,-0.0693146002067585,"M.scutellaris","mel"
"189",0.509678617391899,0.0111399093284344,0.159313956284224,-0.11430604408932,"M.scutellaris","mel"
"190",1.64822756136077,-0.423425034931177,0.50606747014268,-0.444976381707065,"M.scutellaris","mel"
"191",2.08708358558752,-0.554329875713636,0.611714479682808,-0.560302285527517,"M.scutellaris","mel"
"192",2.71016264717784,-0.925714963025291,0.24922151731872,-0.83783570256539,"M.scutellaris","mel"
"193",4.33929385255944,-1.69686040986518,0.359767740180431,-2.698730011641,"M.scutellaris","mel"
"194",4.35806570775534,-1.56372612996635,0.364697358472013,-2.72696898993494,"M.scutellaris","mel"
"195",4.00760443997806,-0.863897344109945,-0.0346031742242223,-3.36285618417786,"M.scutellaris","mel"
"196",4.02375064070725,-0.8927587077884,-0.0304020987065984,-3.33045872010858,"M.scutellaris","mel"
"197",4.12677726972775,-1.10278388207668,0.0606450096537748,-3.16822537612085,"M.scutellaris","mel"
"198",4.44958269903613,-1.6372070460506,0.431453218434325,-2.63269618175272,"M.scutellaris","mel"
"199",4.40747559111971,-1.82779838577637,0.165775451725687,-2.27339032060843,"M.scutellaris","mel"
"200",4.50456040329801,-2.09143570763852,0.102255151136389,-2.19771164556643,"M.scutellaris","mel"
"201",4.6194987042073,-2.85567698667009,0.174053594415349,-1.34010175777224,"M.scutellaris","mel"
"202",-0.170006192219851,-0.0239036930920201,0.029877641101603,-0.00774598302168497,"M.flavolineata","mel"
"203",-0.151240844216207,-0.0450397374947596,0.0794537766263758,-0.0266711621162607,"M.flavolineata","mel"
"204",0.0801006932211092,-0.0377842905502526,0.123921382198745,-0.0693146002067585,"M.flavolineata","mel"
"205",0.509678617391899,0.0111399093284344,0.159313956284224,-0.11430604408932,"M.flavolineata","mel"
"206",1.64822756136077,-0.423425034931177,0.50606747014268,-0.444976381707065,"M.flavolineata","mel"
"207",2.08708358558752,-0.554329875713636,0.611714479682808,-0.560302285527517,"M.flavolineata","mel"
"208",2.71016264717784,-0.925714963025291,0.24922151731872,-0.83783570256539,"M.flavolineata","mel"
"209",4.33929385255944,-1.69686040986518,0.359767740180431,-2.698730011641,"M.flavolineata","mel"
"210",4.35806570775534,-1.56372612996635,0.364697358472013,-2.72696898993494,"M.flavolineata","mel"
"211",4.00760443997806,-0.863897344109945,-0.0346031742242223,-3.36285618417786,"M.flavolineata","mel"
"212",4.02375064070725,-0.8927587077884,-0.0304020987065984,-3.33045872010858,"M.flavolineata","mel"
"213",4.12677726972775,-1.10278388207668,0.0606450096537748,-3.16822537612085,"M.flavolineata","mel"
"214",4.44958269903613,-1.6372070460506,0.431453218434325,-2.63269618175272,"M.flavolineata","mel"
"215",4.40747559111971,-1.82779838577637,0.165775451725687,-2.27339032060843,"M.flavolineata","mel"
"216",4.50456040329801,-2.09143570763852,0.102255151136389,-2.19771164556643,"M.flavolineata","mel"
"217",4.53788771851161,-1.72981507628446,-0.0665499844549262,-2.93974686075519,"M.flavolineata","mel"
"218",-0.170006192219851,-0.0239036930920201,0.029877641101603,-0.00774598302168497,"M.fasciata","mel"
"219",-0.151240844216207,-0.0450397374947596,0.0794537766263758,-0.0266711621162607,"M.fasciata","mel"
"220",0.0801006932211092,-0.0377842905502526,0.123921382198745,-0.0693146002067585,"M.fasciata","mel"
"221",0.509678617391899,0.0111399093284344,0.159313956284224,-0.11430604408932,"M.fasciata","mel"
"222",1.64822756136077,-0.423425034931177,0.50606747014268,-0.444976381707065,"M.fasciata","mel"
"223",2.08708358558752,-0.554329875713636,0.611714479682808,-0.560302285527517,"M.fasciata","mel"
"224",2.71016264717784,-0.925714963025291,0.24922151731872,-0.83783570256539,"M.fasciata","mel"
"225",4.33929385255944,-1.69686040986518,0.359767740180431,-2.698730011641,"M.fasciata","mel"
"226",4.35806570775534,-1.56372612996635,0.364697358472013,-2.72696898993494,"M.fasciata","mel"
"227",4.00760443997806,-0.863897344109945,-0.0346031742242223,-3.36285618417786,"M.fasciata","mel"
"228",4.02375064070725,-0.8927587077884,-0.0304020987065984,-3.33045872010858,"M.fasciata","mel"
"229",4.12677726972775,-1.10278388207668,0.0606450096537748,-3.16822537612085,"M.fasciata","mel"
"230",4.44958269903613,-1.6372070460506,0.431453218434325,-2.63269618175272,"M.fasciata","mel"
"231",4.40747559111971,-1.82779838577637,0.165775451725687,-2.27339032060843,"M.fasciata","mel"
"232",4.08749645873443,-1.49933611668639,-0.144572976305987,-1.82782599510182,"M.fasciata","mel"
"233",-0.170006192219851,-0.0239036930920201,0.029877641101603,-0.00774598302168497,"M.fuliginosa","mel"
"234",-0.151240844216207,-0.0450397374947596,0.0794537766263758,-0.0266711621162607,"M.fuliginosa","mel"
"235",0.0801006932211092,-0.0377842905502526,0.123921382198745,-0.0693146002067585,"M.fuliginosa","mel"
"236",0.509678617391899,0.0111399093284344,0.159313956284224,-0.11430604408932,"M.fuliginosa","mel"
"237",1.64822756136077,-0.423425034931177,0.50606747014268,-0.444976381707065,"M.fuliginosa","mel"
"238",2.08708358558752,-0.554329875713636,0.611714479682808,-0.560302285527517,"M.fuliginosa","mel"
"239",2.71016264717784,-0.925714963025291,0.24922151731872,-0.83783570256539,"M.fuliginosa","mel"
"240",4.33929385255944,-1.69686040986518,0.359767740180431,-2.698730011641,"M.fuliginosa","mel"
"241",4.35806570775534,-1.56372612996635,0.364697358472013,-2.72696898993494,"M.fuliginosa","mel"
"242",4.00760443997806,-0.863897344109945,-0.0346031742242223,-3.36285618417786,"M.fuliginosa","mel"
"243",4.02375064070725,-0.8927587077884,-0.0304020987065984,-3.33045872010858,"M.fuliginosa","mel"
"244",4.12677726972775,-1.10278388207668,0.0606450096537748,-3.16822537612085,"M.fuliginosa","mel"
"245",4.44958269903613,-1.6372070460506,0.431453218434325,-2.63269618175272,"M.fuliginosa","mel"
"246",5.60654524892481,-2.83097602223106,2.36291988548188,-1.90309960004273,"M.fuliginosa","mel"
"247",-0.170006192219851,-0.0239036930920201,0.029877641101603,-0.00774598302168497,"M.bicolor","mel"
"248",-0.151240844216207,-0.0450397374947596,0.0794537766263758,-0.0266711621162607,"M.bicolor","mel"
"249",0.0801006932211092,-0.0377842905502526,0.123921382198745,-0.0693146002067585,"M.bicolor","mel"
"250",0.509678617391899,0.0111399093284344,0.159313956284224,-0.11430604408932,"M.bicolor","mel"
"251",1.64822756136077,-0.423425034931177,0.50606747014268,-0.444976381707065,"M.bicolor","mel"
"252",2.08708358558752,-0.554329875713636,0.611714479682808,-0.560302285527517,"M.bicolor","mel"
"253",2.71016264717784,-0.925714963025291,0.24922151731872,-0.83783570256539,"M.bicolor","mel"
"254",4.33929385255944,-1.69686040986518,0.359767740180431,-2.698730011641,"M.bicolor","mel"
"255",4.35806570775534,-1.56372612996635,0.364697358472013,-2.72696898993494,"M.bicolor","mel"
"256",4.00760443997806,-0.863897344109945,-0.0346031742242223,-3.36285618417786,"M.bicolor","mel"
"257",4.02375064070725,-0.8927587077884,-0.0304020987065984,-3.33045872010858,"M.bicolor","mel"
"258",4.12677726972775,-1.10278388207668,0.0606450096537748,-3.16822537612085,"M.bicolor","mel"
"259",3.87174119369854,-0.808736717716432,-0.320999621721154,-3.61954319634641,"M.bicolor","mel"
"260",3.72606295271749,-0.621076673834922,-0.629441930976522,-3.74226274687569,"M.bicolor","mel"
"261",-0.170006192219851,-0.0239036930920201,0.029877641101603,-0.00774598302168497,"M.marginata","mel"
"262",-0.151240844216207,-0.0450397374947596,0.0794537766263758,-0.0266711621162607,"M.marginata","mel"
"263",0.0801006932211092,-0.0377842905502526,0.123921382198745,-0.0693146002067585,"M.marginata","mel"
"264",0.509678617391899,0.0111399093284344,0.159313956284224,-0.11430604408932,"M.marginata","mel"
"265",1.64822756136077,-0.423425034931177,0.50606747014268,-0.444976381707065,"M.marginata","mel"
"266",2.08708358558752,-0.554329875713636,0.611714479682808,-0.560302285527517,"M.marginata","mel"
"267",2.71016264717784,-0.925714963025291,0.24922151731872,-0.83783570256539,"M.marginata","mel"
"268",4.33929385255944,-1.69686040986518,0.359767740180431,-2.698730011641,"M.marginata","mel"
"269",4.35806570775534,-1.56372612996635,0.364697358472013,-2.72696898993494,"M.marginata","mel"
"270",4.00760443997806,-0.863897344109945,-0.0346031742242223,-3.36285618417786,"M.marginata","mel"
"271",4.02375064070725,-0.8927587077884,-0.0304020987065984,-3.33045872010858,"M.marginata","mel"
"272",4.12677726972775,-1.10278388207668,0.0606450096537748,-3.16822537612085,"M.marginata","mel"
"273",3.87174119369854,-0.808736717716432,-0.320999621721154,-3.61954319634641,"M.marginata","mel"
"274",3.68297978223354,-0.610800209994287,-0.513024147833492,-4.08865589672449,"M.marginata","mel"
"275",-0.170006192219851,-0.0239036930920201,0.029877641101603,-0.00774598302168497,"M.beecheii","mel"
"276",-0.151240844216207,-0.0450397374947596,0.0794537766263758,-0.0266711621162607,"M.beecheii","mel"
"277",0.0801006932211092,-0.0377842905502526,0.123921382198745,-0.0693146002067585,"M.beecheii","mel"
"278",0.509678617391899,0.0111399093284344,0.159313956284224,-0.11430604408932,"M.beecheii","mel"
"279",1.64822756136077,-0.423425034931177,0.50606747014268,-0.444976381707065,"M.beecheii","mel"
"280",2.08708358558752,-0.554329875713636,0.611714479682808,-0.560302285527517,"M.beecheii","mel"
"281",2.71016264717784,-0.925714963025291,0.24922151731872,-0.83783570256539,"M.beecheii","mel"
"282",4.33929385255944,-1.69686040986518,0.359767740180431,-2.698730011641,"M.beecheii","mel"
"283",4.35806570775534,-1.56372612996635,0.364697358472013,-2.72696898993494,"M.beecheii","mel"
"284",4.00760443997806,-0.863897344109945,-0.0346031742242223,-3.36285618417786,"M.beecheii","mel"
"285",4.02375064070725,-0.8927587077884,-0.0304020987065984,-3.33045872010858,"M.beecheii","mel"
"286",3.80810649642436,-0.437495680868668,-0.259869637666486,-3.64308910342657,"M.beecheii","mel"
"287",3.91055498127669,0.0644303912143028,-0.501192520768064,-3.00459170629792,"M.beecheii","mel"
"288",-0.170006192219851,-0.0239036930920201,0.029877641101603,-0.00774598302168497,"M.favosa","mel"
"289",-0.151240844216207,-0.0450397374947596,0.0794537766263758,-0.0266711621162607,"M.favosa","mel"
"290",0.0801006932211092,-0.0377842905502526,0.123921382198745,-0.0693146002067585,"M.favosa","mel"
"291",0.509678617391899,0.0111399093284344,0.159313956284224,-0.11430604408932,"M.favosa","mel"
"292",1.64822756136077,-0.423425034931177,0.50606747014268,-0.444976381707065,"M.favosa","mel"
"293",2.08708358558752,-0.554329875713636,0.611714479682808,-0.560302285527517,"M.favosa","mel"
"294",2.71016264717784,-0.925714963025291,0.24922151731872,-0.83783570256539,"M.favosa","mel"
"295",4.33929385255944,-1.69686040986518,0.359767740180431,-2.698730011641,"M.favosa","mel"
"296",4.35806570775534,-1.56372612996635,0.364697358472013,-2.72696898993494,"M.favosa","mel"
"297",4.00760443997806,-0.863897344109945,-0.0346031742242223,-3.36285618417786,"M.favosa","mel"
"298",4.02375064070725,-0.8927587077884,-0.0304020987065984,-3.33045872010858,"M.favosa","mel"
"299",3.80810649642436,-0.437495680868668,-0.259869637666486,-3.64308910342657,"M.favosa","mel"
"300",3.66338351878629,-0.315374851951806,-0.32440136192864,-3.97802912997225,"M.favosa","mel"
"301",3.47120706994773,-0.334686729800239,-0.500268498040633,-3.72655489498826,"M.favosa","mel"
"302",-0.170006192219851,-0.0239036930920201,0.029877641101603,-0.00774598302168497,"M.fasciculata","mel"
"303",-0.151240844216207,-0.0450397374947596,0.0794537766263758,-0.0266711621162607,"M.fasciculata","mel"
"304",0.0801006932211092,-0.0377842905502526,0.123921382198745,-0.0693146002067585,"M.fasciculata","mel"
"305",0.509678617391899,0.0111399093284344,0.159313956284224,-0.11430604408932,"M.fasciculata","mel"
"306",1.64822756136077,-0.423425034931177,0.50606747014268,-0.444976381707065,"M.fasciculata","mel"
"307",2.08708358558752,-0.554329875713636,0.611714479682808,-0.560302285527517,"M.fasciculata","mel"
"308",2.71016264717784,-0.925714963025291,0.24922151731872,-0.83783570256539,"M.fasciculata","mel"
"309",4.33929385255944,-1.69686040986518,0.359767740180431,-2.698730011641,"M.fasciculata","mel"
"310",4.35806570775534,-1.56372612996635,0.364697358472013,-2.72696898993494,"M.fasciculata","mel"
"311",4.00760443997806,-0.863897344109945,-0.0346031742242223,-3.36285618417786,"M.fasciculata","mel"
"312",4.02375064070725,-0.8927587077884,-0.0304020987065984,-3.33045872010858,"M.fasciculata","mel"
"313",3.80810649642436,-0.437495680868668,-0.259869637666486,-3.64308910342657,"M.fasciculata","mel"
"314",3.66338351878629,-0.315374851951806,-0.32440136192864,-3.97802912997225,"M.fasciculata","mel"
"315",3.43357956675424,0.0600145277696386,-0.336694553343323,-5.20611488149664,"M.fasciculata","mel"
"316",-0.170006192219851,-0.0239036930920201,0.029877641101603,-0.00774598302168497,"M.quadrifasciata","mel"
"317",-0.151240844216207,-0.0450397374947596,0.0794537766263758,-0.0266711621162607,"M.quadrifasciata","mel"
"318",0.0801006932211092,-0.0377842905502526,0.123921382198745,-0.0693146002067585,"M.quadrifasciata","mel"
"319",0.509678617391899,0.0111399093284344,0.159313956284224,-0.11430604408932,"M.quadrifasciata","mel"
"320",1.64822756136077,-0.423425034931177,0.50606747014268,-0.444976381707065,"M.quadrifasciata","mel"
"321",2.08708358558752,-0.554329875713636,0.611714479682808,-0.560302285527517,"M.quadrifasciata","mel"
"322",2.71016264717784,-0.925714963025291,0.24922151731872,-0.83783570256539,"M.quadrifasciata","mel"
"323",4.33929385255944,-1.69686040986518,0.359767740180431,-2.698730011641,"M.quadrifasciata","mel"
"324",4.35806570775534,-1.56372612996635,0.364697358472013,-2.72696898993494,"M.quadrifasciata","mel"
"325",4.00760443997806,-0.863897344109945,-0.0346031742242223,-3.36285618417786,"M.quadrifasciata","mel"
"326",3.43572202117484,0.233520868580994,-0.499067930502352,-4.44137636518791,"M.quadrifasciata","mel"
"327",-0.170006192219851,-0.0239036930920201,0.029877641101603,-0.00774598302168497,"P.droryana","mel"
"328",-0.151240844216207,-0.0450397374947596,0.0794537766263758,-0.0266711621162607,"P.droryana","mel"
"329",0.0801006932211092,-0.0377842905502526,0.123921382198745,-0.0693146002067585,"P.droryana","mel"
"330",0.509678617391899,0.0111399093284344,0.159313956284224,-0.11430604408932,"P.droryana","mel"
"331",1.64822756136077,-0.423425034931177,0.50606747014268,-0.444976381707065,"P.droryana","mel"
"332",2.08708358558752,-0.554329875713636,0.611714479682808,-0.560302285527517,"P.droryana","mel"
"333",2.71016264717784,-0.925714963025291,0.24922151731872,-0.83783570256539,"P.droryana","mel"
"334",4.33929385255944,-1.69686040986518,0.359767740180431,-2.698730011641,"P.droryana","mel"
"335",4.35806570775534,-1.56372612996635,0.364697358472013,-2.72696898993494,"P.droryana","mel"
"336",4.56018934638518,-1.83608045720854,0.582326598469217,-2.40815839095974,"P.droryana","mel"
"337",4.42608054668365,-1.6424708028146,0.456992767853827,-2.59419462981016,"P.droryana","mel"
"338",4.3385497074372,-1.53756517775833,0.3587808818003,-2.6894508110649,"P.droryana","mel"
"339",3.91192624714668,-1.09908869236381,0.00789066390265459,-3.08983066127276,"P.droryana","mel"
"340",3.78633074337196,-0.808344011060845,-0.0999820892894138,-3.29118137326319,"P.droryana","mel"
"341",3.26710587634918,-0.335990187820903,-0.115862828293067,-3.56710466165638,"P.droryana","mel"
"342",3.91752675662428,-0.0139292721369568,-0.333197767920798,-3.12992994238404,"P.droryana","mel"
"343",-0.170006192219851,-0.0239036930920201,0.029877641101603,-0.00774598302168497,"P.remota","mel"
"344",-0.151240844216207,-0.0450397374947596,0.0794537766263758,-0.0266711621162607,"P.remota","mel"
"345",0.0801006932211092,-0.0377842905502526,0.123921382198745,-0.0693146002067585,"P.remota","mel"
"346",0.509678617391899,0.0111399093284344,0.159313956284224,-0.11430604408932,"P.remota","mel"
"347",1.64822756136077,-0.423425034931177,0.50606747014268,-0.444976381707065,"P.remota","mel"
"348",2.08708358558752,-0.554329875713636,0.611714479682808,-0.560302285527517,"P.remota","mel"
"349",2.71016264717784,-0.925714963025291,0.24922151731872,-0.83783570256539,"P.remota","mel"
"350",4.33929385255944,-1.69686040986518,0.359767740180431,-2.698730011641,"P.remota","mel"
"351",4.35806570775534,-1.56372612996635,0.364697358472013,-2.72696898993494,"P.remota","mel"
"352",4.56018934638518,-1.83608045720854,0.582326598469217,-2.40815839095974,"P.remota","mel"
"353",4.42608054668365,-1.6424708028146,0.456992767853827,-2.59419462981016,"P.remota","mel"
"354",4.3385497074372,-1.53756517775833,0.3587808818003,-2.6894508110649,"P.remota","mel"
"355",3.91192624714668,-1.09908869236381,0.00789066390265459,-3.08983066127276,"P.remota","mel"
"356",3.78633074337196,-0.808344011060845,-0.0999820892894138,-3.29118137326319,"P.remota","mel"
"357",3.26710587634918,-0.335990187820903,-0.115862828293067,-3.56710466165638,"P.remota","mel"
"358",2.23153042775447,-0.307664894294029,0.0896919760521977,-4.20895585499625,"P.remota","mel"
"359",-0.170006192219851,-0.0239036930920201,0.029877641101603,-0.00774598302168497,"F.schrottkyi","mel"
"360",-0.151240844216207,-0.0450397374947596,0.0794537766263758,-0.0266711621162607,"F.schrottkyi","mel"
"361",0.0801006932211092,-0.0377842905502526,0.123921382198745,-0.0693146002067585,"F.schrottkyi","mel"
"362",0.509678617391899,0.0111399093284344,0.159313956284224,-0.11430604408932,"F.schrottkyi","mel"
"363",1.64822756136077,-0.423425034931177,0.50606747014268,-0.444976381707065,"F.schrottkyi","mel"
"364",2.08708358558752,-0.554329875713636,0.611714479682808,-0.560302285527517,"F.schrottkyi","mel"
"365",2.71016264717784,-0.925714963025291,0.24922151731872,-0.83783570256539,"F.schrottkyi","mel"
"366",4.33929385255944,-1.69686040986518,0.359767740180431,-2.698730011641,"F.schrottkyi","mel"
"367",4.35806570775534,-1.56372612996635,0.364697358472013,-2.72696898993494,"F.schrottkyi","mel"
"368",4.56018934638518,-1.83608045720854,0.582326598469217,-2.40815839095974,"F.schrottkyi","mel"
"369",4.42608054668365,-1.6424708028146,0.456992767853827,-2.59419462981016,"F.schrottkyi","mel"
"370",4.3385497074372,-1.53756517775833,0.3587808818003,-2.6894508110649,"F.schrottkyi","mel"
"371",3.91192624714668,-1.09908869236381,0.00789066390265459,-3.08983066127276,"F.schrottkyi","mel"
"372",3.78633074337196,-0.808344011060845,-0.0999820892894138,-3.29118137326319,"F.schrottkyi","mel"
"373",4.06858074686606,-0.190898543588206,-0.60666211605711,-3.80795970387129,"F.schrottkyi","mel"
"374",-0.170006192219851,-0.0239036930920201,0.029877641101603,-0.00774598302168497,"L.limao","mel"
"375",-0.151240844216207,-0.0450397374947596,0.0794537766263758,-0.0266711621162607,"L.limao","mel"
"376",0.0801006932211092,-0.0377842905502526,0.123921382198745,-0.0693146002067585,"L.limao","mel"
"377",0.509678617391899,0.0111399093284344,0.159313956284224,-0.11430604408932,"L.limao","mel"
"378",1.64822756136077,-0.423425034931177,0.50606747014268,-0.444976381707065,"L.limao","mel"
"379",2.08708358558752,-0.554329875713636,0.611714479682808,-0.560302285527517,"L.limao","mel"
"380",2.71016264717784,-0.925714963025291,0.24922151731872,-0.83783570256539,"L.limao","mel"
"381",4.33929385255944,-1.69686040986518,0.359767740180431,-2.698730011641,"L.limao","mel"
"382",4.35806570775534,-1.56372612996635,0.364697358472013,-2.72696898993494,"L.limao","mel"
"383",4.56018934638518,-1.83608045720854,0.582326598469217,-2.40815839095974,"L.limao","mel"
"384",4.42608054668365,-1.6424708028146,0.456992767853827,-2.59419462981016,"L.limao","mel"
"385",4.3385497074372,-1.53756517775833,0.3587808818003,-2.6894508110649,"L.limao","mel"
"386",3.91192624714668,-1.09908869236381,0.00789066390265459,-3.08983066127276,"L.limao","mel"
"387",2.82389851937594,-0.943262867836636,-0.85976963867925,-3.61392876284389,"L.limao","mel"
"388",-0.170006192219851,-0.0239036930920201,0.029877641101603,-0.00774598302168497,"F.varia","mel"
"389",-0.151240844216207,-0.0450397374947596,0.0794537766263758,-0.0266711621162607,"F.varia","mel"
"390",0.0801006932211092,-0.0377842905502526,0.123921382198745,-0.0693146002067585,"F.varia","mel"
"391",0.509678617391899,0.0111399093284344,0.159313956284224,-0.11430604408932,"F.varia","mel"
"392",1.64822756136077,-0.423425034931177,0.50606747014268,-0.444976381707065,"F.varia","mel"
"393",2.08708358558752,-0.554329875713636,0.611714479682808,-0.560302285527517,"F.varia","mel"
"394",2.71016264717784,-0.925714963025291,0.24922151731872,-0.83783570256539,"F.varia","mel"
"395",4.33929385255944,-1.69686040986518,0.359767740180431,-2.698730011641,"F.varia","mel"
"396",4.35806570775534,-1.56372612996635,0.364697358472013,-2.72696898993494,"F.varia","mel"
"397",4.56018934638518,-1.83608045720854,0.582326598469217,-2.40815839095974,"F.varia","mel"
"398",4.42608054668365,-1.6424708028146,0.456992767853827,-2.59419462981016,"F.varia","mel"
"399",4.3385497074372,-1.53756517775833,0.3587808818003,-2.6894508110649,"F.varia","mel"
"400",4.38320954959034,-1.56867737144419,0.369564466506669,-2.66051248688941,"F.varia","mel"
"401",4.46775830557562,-1.66336026095165,0.418375482814105,-2.63638078925425,"F.varia","mel"
"402",4.42428089754241,-1.10477891374443,0.668433304249374,-2.94115483316354,"F.varia","mel"
"403",-0.170006192219851,-0.0239036930920201,0.029877641101603,-0.00774598302168497,"T.angustula","mel"
"404",-0.151240844216207,-0.0450397374947596,0.0794537766263758,-0.0266711621162607,"T.angustula","mel"
"405",0.0801006932211092,-0.0377842905502526,0.123921382198745,-0.0693146002067585,"T.angustula","mel"
"406",0.509678617391899,0.0111399093284344,0.159313956284224,-0.11430604408932,"T.angustula","mel"
"407",1.64822756136077,-0.423425034931177,0.50606747014268,-0.444976381707065,"T.angustula","mel"
"408",2.08708358558752,-0.554329875713636,0.611714479682808,-0.560302285527517,"T.angustula","mel"
"409",2.71016264717784,-0.925714963025291,0.24922151731872,-0.83783570256539,"T.angustula","mel"
"410",4.33929385255944,-1.69686040986518,0.359767740180431,-2.698730011641,"T.angustula","mel"
"411",4.35806570775534,-1.56372612996635,0.364697358472013,-2.72696898993494,"T.angustula","mel"
"412",4.56018934638518,-1.83608045720854,0.582326598469217,-2.40815839095974,"T.angustula","mel"
"413",4.42608054668365,-1.6424708028146,0.456992767853827,-2.59419462981016,"T.angustula","mel"
"414",4.3385497074372,-1.53756517775833,0.3587808818003,-2.6894508110649,"T.angustula","mel"
"415",4.38320954959034,-1.56867737144419,0.369564466506669,-2.66051248688941,"T.angustula","mel"
"416",4.46775830557562,-1.66336026095165,0.418375482814105,-2.63638078925425,"T.angustula","mel"
"417",5.01374054565987,-2.784677380384,0.458419760055219,-2.18818305417471,"T.angustula","mel"
"418",-0.170006192219851,-0.0239036930920201,0.029877641101603,-0.00774598302168497,"S.quadripunctata","mel"
"419",-0.151240844216207,-0.0450397374947596,0.0794537766263758,-0.0266711621162607,"S.quadripunctata","mel"
"420",0.0801006932211092,-0.0377842905502526,0.123921382198745,-0.0693146002067585,"S.quadripunctata","mel"
"421",0.509678617391899,0.0111399093284344,0.159313956284224,-0.11430604408932,"S.quadripunctata","mel"
"422",1.64822756136077,-0.423425034931177,0.50606747014268,-0.444976381707065,"S.quadripunctata","mel"
"423",2.08708358558752,-0.554329875713636,0.611714479682808,-0.560302285527517,"S.quadripunctata","mel"
"424",2.71016264717784,-0.925714963025291,0.24922151731872,-0.83783570256539,"S.quadripunctata","mel"
"425",4.33929385255944,-1.69686040986518,0.359767740180431,-2.698730011641,"S.quadripunctata","mel"
"426",4.35806570775534,-1.56372612996635,0.364697358472013,-2.72696898993494,"S.quadripunctata","mel"
"427",4.56018934638518,-1.83608045720854,0.582326598469217,-2.40815839095974,"S.quadripunctata","mel"
"428",4.42608054668365,-1.6424708028146,0.456992767853827,-2.59419462981016,"S.quadripunctata","mel"
"429",4.3385497074372,-1.53756517775833,0.3587808818003,-2.6894508110649,"S.quadripunctata","mel"
"430",4.38320954959034,-1.56867737144419,0.369564466506669,-2.66051248688941,"S.quadripunctata","mel"
"431",4.52109331763958,-1.41628495289408,0.20569505298994,-2.35832883364515,"S.quadripunctata","mel"
"432",-0.170006192219851,-0.0239036930920201,0.029877641101603,-0.00774598302168497,"N.testaceicornis","mel"
"433",-0.151240844216207,-0.0450397374947596,0.0794537766263758,-0.0266711621162607,"N.testaceicornis","mel"
"434",0.0801006932211092,-0.0377842905502526,0.123921382198745,-0.0693146002067585,"N.testaceicornis","mel"
"435",0.509678617391899,0.0111399093284344,0.159313956284224,-0.11430604408932,"N.testaceicornis","mel"
"436",1.64822756136077,-0.423425034931177,0.50606747014268,-0.444976381707065,"N.testaceicornis","mel"
"437",2.08708358558752,-0.554329875713636,0.611714479682808,-0.560302285527517,"N.testaceicornis","mel"
"438",2.71016264717784,-0.925714963025291,0.24922151731872,-0.83783570256539,"N.testaceicornis","mel"
"439",4.33929385255944,-1.69686040986518,0.359767740180431,-2.698730011641,"N.testaceicornis","mel"
"440",4.35806570775534,-1.56372612996635,0.364697358472013,-2.72696898993494,"N.testaceicornis","mel"
"441",4.56018934638518,-1.83608045720854,0.582326598469217,-2.40815839095974,"N.testaceicornis","mel"
"442",4.42608054668365,-1.6424708028146,0.456992767853827,-2.59419462981016,"N.testaceicornis","mel"
"443",5.4615252440448,-2.7498619204294,1.72092793453564,-1.63024793484532,"N.testaceicornis","mel"
"444",-0.170006192219851,-0.0239036930920201,0.029877641101603,-0.00774598302168497,"C.capitata","mel"
"445",-0.151240844216207,-0.0450397374947596,0.0794537766263758,-0.0266711621162607,"C.capitata","mel"
"446",0.0801006932211092,-0.0377842905502526,0.123921382198745,-0.0693146002067585,"C.capitata","mel"
"447",0.509678617391899,0.0111399093284344,0.159313956284224,-0.11430604408932,"C.capitata","mel"
"448",1.64822756136077,-0.423425034931177,0.50606747014268,-0.444976381707065,"C.capitata","mel"
"449",2.08708358558752,-0.554329875713636,0.611714479682808,-0.560302285527517,"C.capitata","mel"
"450",2.71016264717784,-0.925714963025291,0.24922151731872,-0.83783570256539,"C.capitata","mel"
"451",4.33929385255944,-1.69686040986518,0.359767740180431,-2.698730011641,"C.capitata","mel"
"452",4.35806570775534,-1.56372612996635,0.364697358472013,-2.72696898993494,"C.capitata","mel"
"453",4.56018934638518,-1.83608045720854,0.582326598469217,-2.40815839095974,"C.capitata","mel"
"454",4.62079731067301,-1.92093797629085,0.642870357754388,-2.3188650615293,"C.capitata","mel"
"455",4.65511506413656,-1.95316642651305,0.702239449586793,-2.23746080345853,"C.capitata","mel"
"456",4.72780485789803,-2.04977609041242,0.772242694323718,-2.08472394847683,"C.capitata","mel"
"457",5.01010467709986,-0.996389641263781,3.29738808767191,-1.02677393807788,"C.capitata","mel"
"458",-0.170006192219851,-0.0239036930920201,0.029877641101603,-0.00774598302168497,"T.spinipes","mel"
"459",-0.151240844216207,-0.0450397374947596,0.0794537766263758,-0.0266711621162607,"T.spinipes","mel"
"460",0.0801006932211092,-0.0377842905502526,0.123921382198745,-0.0693146002067585,"T.spinipes","mel"
"461",0.509678617391899,0.0111399093284344,0.159313956284224,-0.11430604408932,"T.spinipes","mel"
"462",1.64822756136077,-0.423425034931177,0.50606747014268,-0.444976381707065,"T.spinipes","mel"
"463",2.08708358558752,-0.554329875713636,0.611714479682808,-0.560302285527517,"T.spinipes","mel"
"464",2.71016264717784,-0.925714963025291,0.24922151731872,-0.83783570256539,"T.spinipes","mel"
"465",4.33929385255944,-1.69686040986518,0.359767740180431,-2.698730011641,"T.spinipes","mel"
"466",4.35806570775534,-1.56372612996635,0.364697358472013,-2.72696898993494,"T.spinipes","mel"
"467",4.56018934638518,-1.83608045720854,0.582326598469217,-2.40815839095974,"T.spinipes","mel"
"468",4.62079731067301,-1.92093797629085,0.642870357754388,-2.3188650615293,"T.spinipes","mel"
"469",4.65511506413656,-1.95316642651305,0.702239449586793,-2.23746080345853,"T.spinipes","mel"
"470",4.72780485789803,-2.04977609041242,0.772242694323718,-2.08472394847683,"T.spinipes","mel"
"471",4.80146585551484,-2.32196236025496,0.568283087552478,-1.98664885201708,"T.spinipes","mel"
"472",5.32636818558393,-4.33294036449702,-0.792310850950043,-0.92010027461083,"T.spinipes","mel"
"473",-0.170006192219851,-0.0239036930920201,0.029877641101603,-0.00774598302168497,"T.fulviventris","mel"
"474",-0.151240844216207,-0.0450397374947596,0.0794537766263758,-0.0266711621162607,"T.fulviventris","mel"
"475",0.0801006932211092,-0.0377842905502526,0.123921382198745,-0.0693146002067585,"T.fulviventris","mel"
"476",0.509678617391899,0.0111399093284344,0.159313956284224,-0.11430604408932,"T.fulviventris","mel"
"477",1.64822756136077,-0.423425034931177,0.50606747014268,-0.444976381707065,"T.fulviventris","mel"
"478",2.08708358558752,-0.554329875713636,0.611714479682808,-0.560302285527517,"T.fulviventris","mel"
"479",2.71016264717784,-0.925714963025291,0.24922151731872,-0.83783570256539,"T.fulviventris","mel"
"480",4.33929385255944,-1.69686040986518,0.359767740180431,-2.698730011641,"T.fulviventris","mel"
"481",4.35806570775534,-1.56372612996635,0.364697358472013,-2.72696898993494,"T.fulviventris","mel"
"482",4.56018934638518,-1.83608045720854,0.582326598469217,-2.40815839095974,"T.fulviventris","mel"
"483",4.62079731067301,-1.92093797629085,0.642870357754388,-2.3188650615293,"T.fulviventris","mel"
"484",4.65511506413656,-1.95316642651305,0.702239449586793,-2.23746080345853,"T.fulviventris","mel"
"485",4.72780485789803,-2.04977609041242,0.772242694323718,-2.08472394847683,"T.fulviventris","mel"
"486",4.80146585551484,-2.32196236025496,0.568283087552478,-1.98664885201708,"T.fulviventris","mel"
"487",4.80668539255211,-2.26984858861865,0.461024959778326,-2.34737270624566,"T.fulviventris","mel"
"488",-0.170006192219851,-0.0239036930920201,0.029877641101603,-0.00774598302168497,"G.mombuca","mel"
"489",-0.151240844216207,-0.0450397374947596,0.0794537766263758,-0.0266711621162607,"G.mombuca","mel"
"490",0.0801006932211092,-0.0377842905502526,0.123921382198745,-0.0693146002067585,"G.mombuca","mel"
"491",0.509678617391899,0.0111399093284344,0.159313956284224,-0.11430604408932,"G.mombuca","mel"
"492",1.64822756136077,-0.423425034931177,0.50606747014268,-0.444976381707065,"G.mombuca","mel"
"493",2.08708358558752,-0.554329875713636,0.611714479682808,-0.560302285527517,"G.mombuca","mel"
"494",2.71016264717784,-0.925714963025291,0.24922151731872,-0.83783570256539,"G.mombuca","mel"
"495",4.33929385255944,-1.69686040986518,0.359767740180431,-2.698730011641,"G.mombuca","mel"
"496",4.35806570775534,-1.56372612996635,0.364697358472013,-2.72696898993494,"G.mombuca","mel"
"497",4.56018934638518,-1.83608045720854,0.582326598469217,-2.40815839095974,"G.mombuca","mel"
"498",4.62079731067301,-1.92093797629085,0.642870357754388,-2.3188650615293,"G.mombuca","mel"
"499",4.65511506413656,-1.95316642651305,0.702239449586793,-2.23746080345853,"G.mombuca","mel"
"500",4.5998030486268,-1.52734957462044,1.34187258328418,-2.10897224854822,"G.mombuca","mel"
"501",-0.170006192219851,-0.0239036930920201,0.029877641101603,-0.00774598302168497,"S.pectoralis","mel"
"502",-0.151240844216207,-0.0450397374947596,0.0794537766263758,-0.0266711621162607,"S.pectoralis","mel"
"503",0.0801006932211092,-0.0377842905502526,0.123921382198745,-0.0693146002067585,"S.pectoralis","mel"
"504",0.509678617391899,0.0111399093284344,0.159313956284224,-0.11430604408932,"S.pectoralis","mel"
"505",1.64822756136077,-0.423425034931177,0.50606747014268,-0.444976381707065,"S.pectoralis","mel"
"506",2.08708358558752,-0.554329875713636,0.611714479682808,-0.560302285527517,"S.pectoralis","mel"
"507",2.71016264717784,-0.925714963025291,0.24922151731872,-0.83783570256539,"S.pectoralis","mel"
"508",4.33929385255944,-1.69686040986518,0.359767740180431,-2.698730011641,"S.pectoralis","mel"
"509",4.35806570775534,-1.56372612996635,0.364697358472013,-2.72696898993494,"S.pectoralis","mel"
"510",4.56018934638518,-1.83608045720854,0.582326598469217,-2.40815839095974,"S.pectoralis","mel"
"511",4.62079731067301,-1.92093797629085,0.642870357754388,-2.3188650615293,"S.pectoralis","mel"
"512",4.83050092494085,-2.58826998502172,0.259691310460451,-2.73855807155929,"S.pectoralis","mel"
"513",3.96403415818911,-2.12822975488346,-1.18789868563034,-3.25460846835413,"S.pectoralis","mel"
"514",-0.170006192219851,-0.0239036930920201,0.029877641101603,-0.00774598302168497,"S.postica","mel"
"515",-0.151240844216207,-0.0450397374947596,0.0794537766263758,-0.0266711621162607,"S.postica","mel"
"516",0.0801006932211092,-0.0377842905502526,0.123921382198745,-0.0693146002067585,"S.postica","mel"
"517",0.509678617391899,0.0111399093284344,0.159313956284224,-0.11430604408932,"S.postica","mel"
"518",1.64822756136077,-0.423425034931177,0.50606747014268,-0.444976381707065,"S.postica","mel"
"519",2.08708358558752,-0.554329875713636,0.611714479682808,-0.560302285527517,"S.postica","mel"
"520",2.71016264717784,-0.925714963025291,0.24922151731872,-0.83783570256539,"S.postica","mel"
"521",4.33929385255944,-1.69686040986518,0.359767740180431,-2.698730011641,"S.postica","mel"
"522",4.35806570775534,-1.56372612996635,0.364697358472013,-2.72696898993494,"S.postica","mel"
"523",4.56018934638518,-1.83608045720854,0.582326598469217,-2.40815839095974,"S.postica","mel"
"524",4.62079731067301,-1.92093797629085,0.642870357754388,-2.3188650615293,"S.postica","mel"
"525",4.83050092494085,-2.58826998502172,0.259691310460451,-2.73855807155929,"S.postica","mel"
"526",5.72983679088933,-3.15290832649305,1.64722154001079,-2.28829066676016,"S.postica","mel"
"527",-0.170006192219851,-0.0239036930920201,0.029877641101603,-0.00774598302168497,"A.nebulata","mel"
"528",-0.151240844216207,-0.0450397374947596,0.0794537766263758,-0.0266711621162607,"A.nebulata","mel"
"529",0.0801006932211092,-0.0377842905502526,0.123921382198745,-0.0693146002067585,"A.nebulata","mel"
"530",0.509678617391899,0.0111399093284344,0.159313956284224,-0.11430604408932,"A.nebulata","mel"
"531",1.64822756136077,-0.423425034931177,0.50606747014268,-0.444976381707065,"A.nebulata","mel"
"532",2.08708358558752,-0.554329875713636,0.611714479682808,-0.560302285527517,"A.nebulata","mel"
"533",2.71016264717784,-0.925714963025291,0.24922151731872,-0.83783570256539,"A.nebulata","mel"
"534",4.33929385255944,-1.69686040986518,0.359767740180431,-2.698730011641,"A.nebulata","mel"
"535",4.40957702736493,-1.75553414624402,0.363882893105989,-2.77779597886626,"A.nebulata","mel"
"536",4.59347651319721,-1.84453373362829,0.437983546148932,-3.06033403878298,"A.nebulata","mel"
"537",4.64835214071367,-1.87304526985744,0.465345118126988,-3.07275122125509,"A.nebulata","mel"
"538",5.14675518911804,-2.6315475818507,0.710972927537624,-3.50944750719378,"A.nebulata","mel"
"539",-0.170006192219851,-0.0239036930920201,0.029877641101603,-0.00774598302168497,"A.australis","mel"
"540",-0.151240844216207,-0.0450397374947596,0.0794537766263758,-0.0266711621162607,"A.australis","mel"
"541",0.0801006932211092,-0.0377842905502526,0.123921382198745,-0.0693146002067585,"A.australis","mel"
"542",0.509678617391899,0.0111399093284344,0.159313956284224,-0.11430604408932,"A.australis","mel"
"543",1.64822756136077,-0.423425034931177,0.50606747014268,-0.444976381707065,"A.australis","mel"
"544",2.08708358558752,-0.554329875713636,0.611714479682808,-0.560302285527517,"A.australis","mel"
"545",2.71016264717784,-0.925714963025291,0.24922151731872,-0.83783570256539,"A.australis","mel"
"546",4.33929385255944,-1.69686040986518,0.359767740180431,-2.698730011641,"A.australis","mel"
"547",4.40957702736493,-1.75553414624402,0.363882893105989,-2.77779597886626,"A.australis","mel"
"548",4.59347651319721,-1.84453373362829,0.437983546148932,-3.06033403878298,"A.australis","mel"
"549",4.64835214071367,-1.87304526985744,0.465345118126988,-3.07275122125509,"A.australis","mel"
"550",4.70845472161951,-1.4047237577008,0.498194160246425,-2.76243283065372,"A.australis","mel"
"551",-0.170006192219851,-0.0239036930920201,0.029877641101603,-0.00774598302168497,"H.gribodoi","mel"
"552",-0.151240844216207,-0.0450397374947596,0.0794537766263758,-0.0266711621162607,"H.gribodoi","mel"
"553",0.0801006932211092,-0.0377842905502526,0.123921382198745,-0.0693146002067585,"H.gribodoi","mel"
"554",0.509678617391899,0.0111399093284344,0.159313956284224,-0.11430604408932,"H.gribodoi","mel"
"555",1.64822756136077,-0.423425034931177,0.50606747014268,-0.444976381707065,"H.gribodoi","mel"
"556",2.08708358558752,-0.554329875713636,0.611714479682808,-0.560302285527517,"H.gribodoi","mel"
"557",2.71016264717784,-0.925714963025291,0.24922151731872,-0.83783570256539,"H.gribodoi","mel"
"558",4.33929385255944,-1.69686040986518,0.359767740180431,-2.698730011641,"H.gribodoi","mel"
"559",4.40957702736493,-1.75553414624402,0.363882893105989,-2.77779597886626,"H.gribodoi","mel"
"560",4.59347651319721,-1.84453373362829,0.437983546148932,-3.06033403878298,"H.gribodoi","mel"
"561",4.59648922757067,-1.8241500570712,0.380515560388084,-3.8685495302477,"H.gribodoi","mel"
"562",-0.170006192219851,-0.0239036930920201,0.029877641101603,-0.00774598302168497,"T.carbonaria","mel"
"563",-0.151240844216207,-0.0450397374947596,0.0794537766263758,-0.0266711621162607,"T.carbonaria","mel"
"564",0.0801006932211092,-0.0377842905502526,0.123921382198745,-0.0693146002067585,"T.carbonaria","mel"
"565",0.509678617391899,0.0111399093284344,0.159313956284224,-0.11430604408932,"T.carbonaria","mel"
"566",1.64822756136077,-0.423425034931177,0.50606747014268,-0.444976381707065,"T.carbonaria","mel"
"567",2.08708358558752,-0.554329875713636,0.611714479682808,-0.560302285527517,"T.carbonaria","mel"
"568",2.71016264717784,-0.925714963025291,0.24922151731872,-0.83783570256539,"T.carbonaria","mel"
"569",4.33929385255944,-1.69686040986518,0.359767740180431,-2.698730011641,"T.carbonaria","mel"
"570",4.40957702736493,-1.75553414624402,0.363882893105989,-2.77779597886626,"T.carbonaria","mel"
"571",5.07457338929679,-2.5914778198063,0.127206043995776,-3.19664409786401,"T.carbonaria","mel"
"572",-0.170006192219851,-0.0239036930920201,0.029877641101603,-0.00774598302168497,"B.atratus","bom"
"573",-0.151240844216207,-0.0450397374947596,0.0794537766263758,-0.0266711621162607,"B.atratus","bom"
"574",0.0801006932211092,-0.0377842905502526,0.123921382198745,-0.0693146002067585,"B.atratus","bom"
"575",0.509678617391899,0.0111399093284344,0.159313956284224,-0.11430604408932,"B.atratus","bom"
"576",1.64822756136077,-0.423425034931177,0.50606747014268,-0.444976381707065,"B.atratus","bom"
"577",2.08708358558752,-0.554329875713636,0.611714479682808,-0.560302285527517,"B.atratus","bom"
"578",2.71016264717784,-0.925714963025291,0.24922151731872,-0.83783570256539,"B.atratus","bom"
"579",2.92444490359262,-1.31135525755261,-1.24097871431069,0.531482645503067,"B.atratus","bom"
"580",2.8647583224188,-1.31354579608491,-1.28385062648202,0.504016740980247,"B.atratus","bom"
"581",2.74233231641464,-1.37949934336683,-1.3918857145538,0.444862511413264,"B.atratus","bom"
"582",2.68092876985072,-1.4048122736331,-1.41203657708528,0.398886632226403,"B.atratus","bom"
"583",2.54904364443135,-1.41508878635426,-1.0675144526325,-0.0539534994754663,"B.atratus","bom"
"584",1.89374293219695,-2.44568857137583,-0.943181932383575,-1.0364024683066,"B.atratus","bom"
"585",-0.170006192219851,-0.0239036930920201,0.029877641101603,-0.00774598302168497,"B.fervidus","bom"
"586",-0.151240844216207,-0.0450397374947596,0.0794537766263758,-0.0266711621162607,"B.fervidus","bom"
"587",0.0801006932211092,-0.0377842905502526,0.123921382198745,-0.0693146002067585,"B.fervidus","bom"
"588",0.509678617391899,0.0111399093284344,0.159313956284224,-0.11430604408932,"B.fervidus","bom"
"589",1.64822756136077,-0.423425034931177,0.50606747014268,-0.444976381707065,"B.fervidus","bom"
"590",2.08708358558752,-0.554329875713636,0.611714479682808,-0.560302285527517,"B.fervidus","bom"
"591",2.71016264717784,-0.925714963025291,0.24922151731872,-0.83783570256539,"B.fervidus","bom"
"592",2.92444490359262,-1.31135525755261,-1.24097871431069,0.531482645503067,"B.fervidus","bom"
"593",2.8647583224188,-1.31354579608491,-1.28385062648202,0.504016740980247,"B.fervidus","bom"
"594",2.74233231641464,-1.37949934336683,-1.3918857145538,0.444862511413264,"B.fervidus","bom"
"595",2.68092876985072,-1.4048122736331,-1.41203657708528,0.398886632226403,"B.fervidus","bom"
"596",2.54904364443135,-1.41508878635426,-1.0675144526325,-0.0539534994754663,"B.fervidus","bom"
"597",3.02572137867076,-0.398407335942589,-0.725232048270123,0.315176472061495,"B.fervidus","bom"
"598",-0.170006192219851,-0.0239036930920201,0.029877641101603,-0.00774598302168497,"B.muscorum","bom"
"599",-0.151240844216207,-0.0450397374947596,0.0794537766263758,-0.0266711621162607,"B.muscorum","bom"
"600",0.0801006932211092,-0.0377842905502526,0.123921382198745,-0.0693146002067585,"B.muscorum","bom"
"601",0.509678617391899,0.0111399093284344,0.159313956284224,-0.11430604408932,"B.muscorum","bom"
"602",1.64822756136077,-0.423425034931177,0.50606747014268,-0.444976381707065,"B.muscorum","bom"
"603",2.08708358558752,-0.554329875713636,0.611714479682808,-0.560302285527517,"B.muscorum","bom"
"604",2.71016264717784,-0.925714963025291,0.24922151731872,-0.83783570256539,"B.muscorum","bom"
"605",2.92444490359262,-1.31135525755261,-1.24097871431069,0.531482645503067,"B.muscorum","bom"
"606",2.8647583224188,-1.31354579608491,-1.28385062648202,0.504016740980247,"B.muscorum","bom"
"607",2.74233231641464,-1.37949934336683,-1.3918857145538,0.444862511413264,"B.muscorum","bom"
"608",2.68092876985072,-1.4048122736331,-1.41203657708528,0.398886632226403,"B.muscorum","bom"
"609",2.59322493858222,-1.50245656637715,-1.98164079258718,0.827026987293676,"B.muscorum","bom"
"610",2.65734697737846,-2.36602012623164,-2.42796557141588,1.21012218690734,"B.muscorum","bom"
"611",-0.170006192219851,-0.0239036930920201,0.029877641101603,-0.00774598302168497,"B.pascuorum","bom"
"612",-0.151240844216207,-0.0450397374947596,0.0794537766263758,-0.0266711621162607,"B.pascuorum","bom"
"613",0.0801006932211092,-0.0377842905502526,0.123921382198745,-0.0693146002067585,"B.pascuorum","bom"
"614",0.509678617391899,0.0111399093284344,0.159313956284224,-0.11430604408932,"B.pascuorum","bom"
"615",1.64822756136077,-0.423425034931177,0.50606747014268,-0.444976381707065,"B.pascuorum","bom"
"616",2.08708358558752,-0.554329875713636,0.611714479682808,-0.560302285527517,"B.pascuorum","bom"
"617",2.71016264717784,-0.925714963025291,0.24922151731872,-0.83783570256539,"B.pascuorum","bom"
"618",2.92444490359262,-1.31135525755261,-1.24097871431069,0.531482645503067,"B.pascuorum","bom"
"619",2.8647583224188,-1.31354579608491,-1.28385062648202,0.504016740980247,"B.pascuorum","bom"
"620",2.74233231641464,-1.37949934336683,-1.3918857145538,0.444862511413264,"B.pascuorum","bom"
"621",2.68092876985072,-1.4048122736331,-1.41203657708528,0.398886632226403,"B.pascuorum","bom"
"622",2.59322493858222,-1.50245656637715,-1.98164079258718,0.827026987293676,"B.pascuorum","bom"
"623",2.46874181097564,-0.70609564642825,-1.92733928446345,0.738594260500653,"B.pascuorum","bom"
"624",-0.170006192219851,-0.0239036930920201,0.029877641101603,-0.00774598302168497,"B.morio","bom"
"625",-0.151240844216207,-0.0450397374947596,0.0794537766263758,-0.0266711621162607,"B.morio","bom"
"626",0.0801006932211092,-0.0377842905502526,0.123921382198745,-0.0693146002067585,"B.morio","bom"
"627",0.509678617391899,0.0111399093284344,0.159313956284224,-0.11430604408932,"B.morio","bom"
"628",1.64822756136077,-0.423425034931177,0.50606747014268,-0.444976381707065,"B.morio","bom"
"629",2.08708358558752,-0.554329875713636,0.611714479682808,-0.560302285527517,"B.morio","bom"
"630",2.71016264717784,-0.925714963025291,0.24922151731872,-0.83783570256539,"B.morio","bom"
"631",2.92444490359262,-1.31135525755261,-1.24097871431069,0.531482645503067,"B.morio","bom"
"632",2.8647583224188,-1.31354579608491,-1.28385062648202,0.504016740980247,"B.morio","bom"
"633",2.74233231641464,-1.37949934336683,-1.3918857145538,0.444862511413264,"B.morio","bom"
"634",2.77101661064853,-1.42981459216754,-1.65478640407648,0.596810412859839,"B.morio","bom"
"635",-0.170006192219851,-0.0239036930920201,0.029877641101603,-0.00774598302168497,"B.hortorum","bom"
"636",-0.151240844216207,-0.0450397374947596,0.0794537766263758,-0.0266711621162607,"B.hortorum","bom"
"637",0.0801006932211092,-0.0377842905502526,0.123921382198745,-0.0693146002067585,"B.hortorum","bom"
"638",0.509678617391899,0.0111399093284344,0.159313956284224,-0.11430604408932,"B.hortorum","bom"
"639",1.64822756136077,-0.423425034931177,0.50606747014268,-0.444976381707065,"B.hortorum","bom"
"640",2.08708358558752,-0.554329875713636,0.611714479682808,-0.560302285527517,"B.hortorum","bom"
"641",2.71016264717784,-0.925714963025291,0.24922151731872,-0.83783570256539,"B.hortorum","bom"
"642",2.92444490359262,-1.31135525755261,-1.24097871431069,0.531482645503067,"B.hortorum","bom"
"643",2.8647583224188,-1.31354579608491,-1.28385062648202,0.504016740980247,"B.hortorum","bom"
"644",2.53795005283608,-1.01744042780655,-1.41783874641425,0.36775429742678,"B.hortorum","bom"
"645",-0.170006192219851,-0.0239036930920201,0.029877641101603,-0.00774598302168497,"B.impatiens","bom"
"646",-0.151240844216207,-0.0450397374947596,0.0794537766263758,-0.0266711621162607,"B.impatiens","bom"
"647",0.0801006932211092,-0.0377842905502526,0.123921382198745,-0.0693146002067585,"B.impatiens","bom"
"648",0.509678617391899,0.0111399093284344,0.159313956284224,-0.11430604408932,"B.impatiens","bom"
"649",1.64822756136077,-0.423425034931177,0.50606747014268,-0.444976381707065,"B.impatiens","bom"
"650",2.08708358558752,-0.554329875713636,0.611714479682808,-0.560302285527517,"B.impatiens","bom"
"651",2.71016264717784,-0.925714963025291,0.24922151731872,-0.83783570256539,"B.impatiens","bom"
"652",2.92444490359262,-1.31135525755261,-1.24097871431069,0.531482645503067,"B.impatiens","bom"
"653",2.98561362530506,-1.32076690854131,-1.24574500210317,0.597272245030228,"B.impatiens","bom"
"654",3.06894038125872,-1.26728681729646,-1.25496423998297,0.732261056963384,"B.impatiens","bom"
"655",3.10601665286862,-1.24850034530504,-1.24959245269282,0.78800688752859,"B.impatiens","bom"
"656",3.1768232518902,-1.34632318580335,-1.26786011348643,0.864199853042292,"B.impatiens","bom"
"657",3.64538586721481,-1.50642114833648,-1.4188656402773,1.29452052993822,"B.impatiens","bom"
"658",-0.170006192219851,-0.0239036930920201,0.029877641101603,-0.00774598302168497,"B.melanopygus","bom"
"659",-0.151240844216207,-0.0450397374947596,0.0794537766263758,-0.0266711621162607,"B.melanopygus","bom"
"660",0.0801006932211092,-0.0377842905502526,0.123921382198745,-0.0693146002067585,"B.melanopygus","bom"
"661",0.509678617391899,0.0111399093284344,0.159313956284224,-0.11430604408932,"B.melanopygus","bom"
"662",1.64822756136077,-0.423425034931177,0.50606747014268,-0.444976381707065,"B.melanopygus","bom"
"663",2.08708358558752,-0.554329875713636,0.611714479682808,-0.560302285527517,"B.melanopygus","bom"
"664",2.71016264717784,-0.925714963025291,0.24922151731872,-0.83783570256539,"B.melanopygus","bom"
"665",2.92444490359262,-1.31135525755261,-1.24097871431069,0.531482645503067,"B.melanopygus","bom"
"666",2.98561362530506,-1.32076690854131,-1.24574500210317,0.597272245030228,"B.melanopygus","bom"
"667",3.06894038125872,-1.26728681729646,-1.25496423998297,0.732261056963384,"B.melanopygus","bom"
"668",3.10601665286862,-1.24850034530504,-1.24959245269282,0.78800688752859,"B.melanopygus","bom"
"669",3.1768232518902,-1.34632318580335,-1.26786011348643,0.864199853042292,"B.melanopygus","bom"
"670",3.09596589124638,-1.72185932818516,-1.21688012355622,0.851077763673109,"B.melanopygus","bom"
"671",-0.170006192219851,-0.0239036930920201,0.029877641101603,-0.00774598302168497,"B.pratorum","bom"
"672",-0.151240844216207,-0.0450397374947596,0.0794537766263758,-0.0266711621162607,"B.pratorum","bom"
"673",0.0801006932211092,-0.0377842905502526,0.123921382198745,-0.0693146002067585,"B.pratorum","bom"
"674",0.509678617391899,0.0111399093284344,0.159313956284224,-0.11430604408932,"B.pratorum","bom"
"675",1.64822756136077,-0.423425034931177,0.50606747014268,-0.444976381707065,"B.pratorum","bom"
"676",2.08708358558752,-0.554329875713636,0.611714479682808,-0.560302285527517,"B.pratorum","bom"
"677",2.71016264717784,-0.925714963025291,0.24922151731872,-0.83783570256539,"B.pratorum","bom"
"678",2.92444490359262,-1.31135525755261,-1.24097871431069,0.531482645503067,"B.pratorum","bom"
"679",2.98561362530506,-1.32076690854131,-1.24574500210317,0.597272245030228,"B.pratorum","bom"
"680",3.06894038125872,-1.26728681729646,-1.25496423998297,0.732261056963384,"B.pratorum","bom"
"681",3.10601665286862,-1.24850034530504,-1.24959245269282,0.78800688752859,"B.pratorum","bom"
"682",3.08339624237083,-1.19509317461734,-1.23902931146043,0.768681507452917,"B.pratorum","bom"
"683",2.89883877778536,-0.73981375641191,-1.1630434320989,0.433294720274782,"B.pratorum","bom"
"684",-0.170006192219851,-0.0239036930920201,0.029877641101603,-0.00774598302168497,"B.hypnorum","bom"
"685",-0.151240844216207,-0.0450397374947596,0.0794537766263758,-0.0266711621162607,"B.hypnorum","bom"
"686",0.0801006932211092,-0.0377842905502526,0.123921382198745,-0.0693146002067585,"B.hypnorum","bom"
"687",0.509678617391899,0.0111399093284344,0.159313956284224,-0.11430604408932,"B.hypnorum","bom"
"688",1.64822756136077,-0.423425034931177,0.50606747014268,-0.444976381707065,"B.hypnorum","bom"
"689",2.08708358558752,-0.554329875713636,0.611714479682808,-0.560302285527517,"B.hypnorum","bom"
"690",2.71016264717784,-0.925714963025291,0.24922151731872,-0.83783570256539,"B.hypnorum","bom"
"691",2.92444490359262,-1.31135525755261,-1.24097871431069,0.531482645503067,"B.hypnorum","bom"
"692",2.98561362530506,-1.32076690854131,-1.24574500210317,0.597272245030228,"B.hypnorum","bom"
"693",3.06894038125872,-1.26728681729646,-1.25496423998297,0.732261056963384,"B.hypnorum","bom"
"694",3.10601665286862,-1.24850034530504,-1.24959245269282,0.78800688752859,"B.hypnorum","bom"
"695",3.08339624237083,-1.19509317461734,-1.23902931146043,0.768681507452917,"B.hypnorum","bom"
"696",2.98866685522892,-0.990971627008179,-1.18459552067652,0.865464124639585,"B.hypnorum","bom"
"697",-0.170006192219851,-0.0239036930920201,0.029877641101603,-0.00774598302168497,"B.terrestris","bom"
"698",-0.151240844216207,-0.0450397374947596,0.0794537766263758,-0.0266711621162607,"B.terrestris","bom"
"699",0.0801006932211092,-0.0377842905502526,0.123921382198745,-0.0693146002067585,"B.terrestris","bom"
"700",0.509678617391899,0.0111399093284344,0.159313956284224,-0.11430604408932,"B.terrestris","bom"
"701",1.64822756136077,-0.423425034931177,0.50606747014268,-0.444976381707065,"B.terrestris","bom"
"702",2.08708358558752,-0.554329875713636,0.611714479682808,-0.560302285527517,"B.terrestris","bom"
"703",2.71016264717784,-0.925714963025291,0.24922151731872,-0.83783570256539,"B.terrestris","bom"
"704",2.92444490359262,-1.31135525755261,-1.24097871431069,0.531482645503067,"B.terrestris","bom"
"705",2.98561362530506,-1.32076690854131,-1.24574500210317,0.597272245030228,"B.terrestris","bom"
"706",3.06894038125872,-1.26728681729646,-1.25496423998297,0.732261056963384,"B.terrestris","bom"
"707",3.11584941149799,-1.23319651927637,-1.26768780723487,0.811686625786761,"B.terrestris","bom"
"708",3.20948255230149,-1.44239874971019,-1.36470760818581,0.888033544755177,"B.terrestris","bom"
"709",3.24512062079351,-1.5604216310074,-1.4114376352365,0.946878660524855,"B.terrestris","bom"
"710",3.83536359023369,-2.90921721618883,-1.86223201275903,1.81912434775031,"B.terrestris","bom"
"711",-0.170006192219851,-0.0239036930920201,0.029877641101603,-0.00774598302168497,"B.occidentalis","bom"
"712",-0.151240844216207,-0.0450397374947596,0.0794537766263758,-0.0266711621162607,"B.occidentalis","bom"
"713",0.0801006932211092,-0.0377842905502526,0.123921382198745,-0.0693146002067585,"B.occidentalis","bom"
"714",0.509678617391899,0.0111399093284344,0.159313956284224,-0.11430604408932,"B.occidentalis","bom"
"715",1.64822756136077,-0.423425034931177,0.50606747014268,-0.444976381707065,"B.occidentalis","bom"
"716",2.08708358558752,-0.554329875713636,0.611714479682808,-0.560302285527517,"B.occidentalis","bom"
"717",2.71016264717784,-0.925714963025291,0.24922151731872,-0.83783570256539,"B.occidentalis","bom"
"718",2.92444490359262,-1.31135525755261,-1.24097871431069,0.531482645503067,"B.occidentalis","bom"
"719",2.98561362530506,-1.32076690854131,-1.24574500210317,0.597272245030228,"B.occidentalis","bom"
"720",3.06894038125872,-1.26728681729646,-1.25496423998297,0.732261056963384,"B.occidentalis","bom"
"721",3.11584941149799,-1.23319651927637,-1.26768780723487,0.811686625786761,"B.occidentalis","bom"
"722",3.20948255230149,-1.44239874971019,-1.36470760818581,0.888033544755177,"B.occidentalis","bom"
"723",3.24512062079351,-1.5604216310074,-1.4114376352365,0.946878660524855,"B.occidentalis","bom"
"724",3.10626904116364,-1.2920747963865,-1.33149739858547,0.749956448055931,"B.occidentalis","bom"
"725",3.08890521268004,-1.22193633510224,-1.31048126841042,0.714905711734346,"B.occidentalis","bom"
"726",3.1730733560144,-1.26177536934617,-1.24362270794397,0.935707579148581,"B.occidentalis","bom"
"727",-0.170006192219851,-0.0239036930920201,0.029877641101603,-0.00774598302168497,"B.lucorum","bom"
"728",-0.151240844216207,-0.0450397374947596,0.0794537766263758,-0.0266711621162607,"B.lucorum","bom"
"729",0.0801006932211092,-0.0377842905502526,0.123921382198745,-0.0693146002067585,"B.lucorum","bom"
"730",0.509678617391899,0.0111399093284344,0.159313956284224,-0.11430604408932,"B.lucorum","bom"
"731",1.64822756136077,-0.423425034931177,0.50606747014268,-0.444976381707065,"B.lucorum","bom"
"732",2.08708358558752,-0.554329875713636,0.611714479682808,-0.560302285527517,"B.lucorum","bom"
"733",2.71016264717784,-0.925714963025291,0.24922151731872,-0.83783570256539,"B.lucorum","bom"
"734",2.92444490359262,-1.31135525755261,-1.24097871431069,0.531482645503067,"B.lucorum","bom"
"735",2.98561362530506,-1.32076690854131,-1.24574500210317,0.597272245030228,"B.lucorum","bom"
"736",3.06894038125872,-1.26728681729646,-1.25496423998297,0.732261056963384,"B.lucorum","bom"
"737",3.11584941149799,-1.23319651927637,-1.26768780723487,0.811686625786761,"B.lucorum","bom"
"738",3.20948255230149,-1.44239874971019,-1.36470760818581,0.888033544755177,"B.lucorum","bom"
"739",3.24512062079351,-1.5604216310074,-1.4114376352365,0.946878660524855,"B.lucorum","bom"
"740",3.10626904116364,-1.2920747963865,-1.33149739858547,0.749956448055931,"B.lucorum","bom"
"741",3.08890521268004,-1.22193633510224,-1.31048126841042,0.714905711734346,"B.lucorum","bom"
"742",2.80273819947846,-0.366154502348078,-1.13285255754354,0.0863476297057084,"B.lucorum","bom"
"743",-0.170006192219851,-0.0239036930920201,0.029877641101603,-0.00774598302168497,"B.hypocrita","bom"
"744",-0.151240844216207,-0.0450397374947596,0.0794537766263758,-0.0266711621162607,"B.hypocrita","bom"
"745",0.0801006932211092,-0.0377842905502526,0.123921382198745,-0.0693146002067585,"B.hypocrita","bom"
"746",0.509678617391899,0.0111399093284344,0.159313956284224,-0.11430604408932,"B.hypocrita","bom"
"747",1.64822756136077,-0.423425034931177,0.50606747014268,-0.444976381707065,"B.hypocrita","bom"
"748",2.08708358558752,-0.554329875713636,0.611714479682808,-0.560302285527517,"B.hypocrita","bom"
"749",2.71016264717784,-0.925714963025291,0.24922151731872,-0.83783570256539,"B.hypocrita","bom"
"750",2.92444490359262,-1.31135525755261,-1.24097871431069,0.531482645503067,"B.hypocrita","bom"
"751",2.98561362530506,-1.32076690854131,-1.24574500210317,0.597272245030228,"B.hypocrita","bom"
"752",3.06894038125872,-1.26728681729646,-1.25496423998297,0.732261056963384,"B.hypocrita","bom"
"753",3.11584941149799,-1.23319651927637,-1.26768780723487,0.811686625786761,"B.hypocrita","bom"
"754",3.20948255230149,-1.44239874971019,-1.36470760818581,0.888033544755177,"B.hypocrita","bom"
"755",3.24512062079351,-1.5604216310074,-1.4114376352365,0.946878660524855,"B.hypocrita","bom"
"756",3.10626904116364,-1.2920747963865,-1.33149739858547,0.749956448055931,"B.hypocrita","bom"
"757",3.02512403600573,-1.59738993058084,-1.42399117543684,0.766577110108702,"B.hypocrita","bom"
"758",-0.170006192219851,-0.0239036930920201,0.029877641101603,-0.00774598302168497,"B.ignitus","bom"
"759",-0.151240844216207,-0.0450397374947596,0.0794537766263758,-0.0266711621162607,"B.ignitus","bom"
"760",0.0801006932211092,-0.0377842905502526,0.123921382198745,-0.0693146002067585,"B.ignitus","bom"
"761",0.509678617391899,0.0111399093284344,0.159313956284224,-0.11430604408932,"B.ignitus","bom"
"762",1.64822756136077,-0.423425034931177,0.50606747014268,-0.444976381707065,"B.ignitus","bom"
"763",2.08708358558752,-0.554329875713636,0.611714479682808,-0.560302285527517,"B.ignitus","bom"
"764",2.71016264717784,-0.925714963025291,0.24922151731872,-0.83783570256539,"B.ignitus","bom"
"765",2.92444490359262,-1.31135525755261,-1.24097871431069,0.531482645503067,"B.ignitus","bom"
"766",2.98561362530506,-1.32076690854131,-1.24574500210317,0.597272245030228,"B.ignitus","bom"
"767",3.06894038125872,-1.26728681729646,-1.25496423998297,0.732261056963384,"B.ignitus","bom"
"768",3.11584941149799,-1.23319651927637,-1.26768780723487,0.811686625786761,"B.ignitus","bom"
"769",3.20948255230149,-1.44239874971019,-1.36470760818581,0.888033544755177,"B.ignitus","bom"
"770",3.26978355426564,-1.37616323665101,-1.37588321933938,0.781306503383755,"B.ignitus","bom"
"771",-0.170006192219851,-0.0239036930920201,0.029877641101603,-0.00774598302168497,"B.polaris","bom"
"772",-0.151240844216207,-0.0450397374947596,0.0794537766263758,-0.0266711621162607,"B.polaris","bom"
"773",0.0801006932211092,-0.0377842905502526,0.123921382198745,-0.0693146002067585,"B.polaris","bom"
"774",0.509678617391899,0.0111399093284344,0.159313956284224,-0.11430604408932,"B.polaris","bom"
"775",1.64822756136077,-0.423425034931177,0.50606747014268,-0.444976381707065,"B.polaris","bom"
"776",2.08708358558752,-0.554329875713636,0.611714479682808,-0.560302285527517,"B.polaris","bom"
"777",2.71016264717784,-0.925714963025291,0.24922151731872,-0.83783570256539,"B.polaris","bom"
"778",2.92444490359262,-1.31135525755261,-1.24097871431069,0.531482645503067,"B.polaris","bom"
"779",2.98561362530506,-1.32076690854131,-1.24574500210317,0.597272245030228,"B.polaris","bom"
"780",3.06894038125872,-1.26728681729646,-1.25496423998297,0.732261056963384,"B.polaris","bom"
"781",3.11584941149799,-1.23319651927637,-1.26768780723487,0.811686625786761,"B.polaris","bom"
"782",3.03664333456448,-0.282665808325929,-0.985779040035988,0.976428181222312,"B.polaris","bom"
"783",-0.170006192219851,-0.0239036930920201,0.029877641101603,-0.00774598302168497,"B.lapidarius","bom"
"784",-0.151240844216207,-0.0450397374947596,0.0794537766263758,-0.0266711621162607,"B.lapidarius","bom"
"785",0.0801006932211092,-0.0377842905502526,0.123921382198745,-0.0693146002067585,"B.lapidarius","bom"
"786",0.509678617391899,0.0111399093284344,0.159313956284224,-0.11430604408932,"B.lapidarius","bom"
"787",1.64822756136077,-0.423425034931177,0.50606747014268,-0.444976381707065,"B.lapidarius","bom"
"788",2.08708358558752,-0.554329875713636,0.611714479682808,-0.560302285527517,"B.lapidarius","bom"
"789",2.71016264717784,-0.925714963025291,0.24922151731872,-0.83783570256539,"B.lapidarius","bom"
"790",2.92444490359262,-1.31135525755261,-1.24097871431069,0.531482645503067,"B.lapidarius","bom"
"791",2.98561362530506,-1.32076690854131,-1.24574500210317,0.597272245030228,"B.lapidarius","bom"
"792",3.45530330226333,-1.85863773290713,-1.26319718060648,0.78384964114595,"B.lapidarius","bom"
"793",-0.170006192219851,-0.0239036930920201,0.029877641101603,-0.00774598302168497,"C.calcarata","xyl"
"794",-0.151240844216207,-0.0450397374947596,0.0794537766263758,-0.0266711621162607,"C.calcarata","xyl"
"795",0.0801006932211092,-0.0377842905502526,0.123921382198745,-0.0693146002067585,"C.calcarata","xyl"
"796",0.509678617391899,0.0111399093284344,0.159313956284224,-0.11430604408932,"C.calcarata","xyl"
"797",0.393739679907197,0.309275288076031,0.0101862927621334,0.0144996777155815,"C.calcarata","xyl"
"798",0.339988065356933,0.435222845009354,-0.105996968762808,0.0787975449770778,"C.calcarata","xyl"
"799",-0.696615546869285,0.467205269103691,-0.401561037937165,0.447107144562183,"C.calcarata","xyl"
"800",-1.01728569769067,0.414696947850919,-0.194452879817133,0.414059309501589,"C.calcarata","xyl"
"801",-0.955921289693747,0.603023813396924,-0.532916253439196,0.597396081864333,"C.calcarata","xyl"
"802",-0.170006192219851,-0.0239036930920201,0.029877641101603,-0.00774598302168497,"C.cyanea","xyl"
"803",-0.151240844216207,-0.0450397374947596,0.0794537766263758,-0.0266711621162607,"C.cyanea","xyl"
"804",0.0801006932211092,-0.0377842905502526,0.123921382198745,-0.0693146002067585,"C.cyanea","xyl"
"805",0.509678617391899,0.0111399093284344,0.159313956284224,-0.11430604408932,"C.cyanea","xyl"
"806",0.393739679907197,0.309275288076031,0.0101862927621334,0.0144996777155815,"C.cyanea","xyl"
"807",0.339988065356933,0.435222845009354,-0.105996968762808,0.0787975449770778,"C.cyanea","xyl"
"808",-0.696615546869285,0.467205269103691,-0.401561037937165,0.447107144562183,"C.cyanea","xyl"
"809",-1.01728569769067,0.414696947850919,-0.194452879817133,0.414059309501589,"C.cyanea","xyl"
"810",-2.59066900488056,-0.0212163206508817,1.12056362855189,0.0748959153779463,"C.cyanea","xyl"
"811",-0.170006192219851,-0.0239036930920201,0.029877641101603,-0.00774598302168497,"C.australensis","xyl"
"812",-0.151240844216207,-0.0450397374947596,0.0794537766263758,-0.0266711621162607,"C.australensis","xyl"
"813",0.0801006932211092,-0.0377842905502526,0.123921382198745,-0.0693146002067585,"C.australensis","xyl"
"814",0.509678617391899,0.0111399093284344,0.159313956284224,-0.11430604408932,"C.australensis","xyl"
"815",0.393739679907197,0.309275288076031,0.0101862927621334,0.0144996777155815,"C.australensis","xyl"
"816",0.339988065356933,0.435222845009354,-0.105996968762808,0.0787975449770778,"C.australensis","xyl"
"817",-0.696615546869285,0.467205269103691,-0.401561037937165,0.447107144562183,"C.australensis","xyl"
"818",0.579817364393089,0.784462242826944,-1.74382627595389,0.833621781823211,"C.australensis","xyl"
"819",-0.170006192219851,-0.0239036930920201,0.029877641101603,-0.00774598302168497,"E.robusta","xyl"
"820",-0.151240844216207,-0.0450397374947596,0.0794537766263758,-0.0266711621162607,"E.robusta","xyl"
"821",0.0801006932211092,-0.0377842905502526,0.123921382198745,-0.0693146002067585,"E.robusta","xyl"
"822",0.509678617391899,0.0111399093284344,0.159313956284224,-0.11430604408932,"E.robusta","xyl"
"823",0.393739679907197,0.309275288076031,0.0101862927621334,0.0144996777155815,"E.robusta","xyl"
"824",0.339988065356933,0.435222845009354,-0.105996968762808,0.0787975449770778,"E.robusta","xyl"
"825",0.951592654138969,1.20297457137969,-0.569933405533102,0.147559125084752,"E.robusta","xyl"
"826",1.03051579296393,1.39026213351376,-0.597759147114357,0.282116137605631,"E.robusta","xyl"
"827",0.937926100912455,2.51490475857459,-0.396211846667196,1.00240882947911,"E.robusta","xyl"
"828",-0.170006192219851,-0.0239036930920201,0.029877641101603,-0.00774598302168497,"B.vitrea","xyl"
"829",-0.151240844216207,-0.0450397374947596,0.0794537766263758,-0.0266711621162607,"B.vitrea","xyl"
"830",0.0801006932211092,-0.0377842905502526,0.123921382198745,-0.0693146002067585,"B.vitrea","xyl"
"831",0.509678617391899,0.0111399093284344,0.159313956284224,-0.11430604408932,"B.vitrea","xyl"
"832",0.393739679907197,0.309275288076031,0.0101862927621334,0.0144996777155815,"B.vitrea","xyl"
"833",0.339988065356933,0.435222845009354,-0.105996968762808,0.0787975449770778,"B.vitrea","xyl"
"834",0.951592654138969,1.20297457137969,-0.569933405533102,0.147559125084752,"B.vitrea","xyl"
"835",1.03051579296393,1.39026213351376,-0.597759147114357,0.282116137605631,"B.vitrea","xyl"
"836",1.80537739565117,1.88467633267372,-1.0398534113269,0.725037096022247,"B.vitrea","xyl"
"837",-0.170006192219851,-0.0239036930920201,0.029877641101603,-0.00774598302168497,"E.lawsoni","xyl"
"838",-0.151240844216207,-0.0450397374947596,0.0794537766263758,-0.0266711621162607,"E.lawsoni","xyl"
"839",0.0801006932211092,-0.0377842905502526,0.123921382198745,-0.0693146002067585,"E.lawsoni","xyl"
"840",0.509678617391899,0.0111399093284344,0.159313956284224,-0.11430604408932,"E.lawsoni","xyl"
"841",0.393739679907197,0.309275288076031,0.0101862927621334,0.0144996777155815,"E.lawsoni","xyl"
"842",0.339988065356933,0.435222845009354,-0.105996968762808,0.0787975449770778,"E.lawsoni","xyl"
"843",0.951592654138969,1.20297457137969,-0.569933405533102,0.147559125084752,"E.lawsoni","xyl"
"844",0.837403228419523,0.781463009695069,-0.584352415977566,-0.261599386092408,"E.lawsoni","xyl"
"845",-1.49644575494024,0.863104108056126,0.346173085145125,0.386771426750568,"E.lawsoni","xyl"
"846",-0.170006192219851,-0.0239036930920201,0.029877641101603,-0.00774598302168497,"E.tridentata","xyl"
"847",-0.151240844216207,-0.0450397374947596,0.0794537766263758,-0.0266711621162607,"E.tridentata","xyl"
"848",0.0801006932211092,-0.0377842905502526,0.123921382198745,-0.0693146002067585,"E.tridentata","xyl"
"849",0.509678617391899,0.0111399093284344,0.159313956284224,-0.11430604408932,"E.tridentata","xyl"
"850",0.393739679907197,0.309275288076031,0.0101862927621334,0.0144996777155815,"E.tridentata","xyl"
"851",0.339988065356933,0.435222845009354,-0.105996968762808,0.0787975449770778,"E.tridentata","xyl"
"852",0.951592654138969,1.20297457137969,-0.569933405533102,0.147559125084752,"E.tridentata","xyl"
"853",0.837403228419523,0.781463009695069,-0.584352415977566,-0.261599386092408,"E.tridentata","xyl"
"854",2.93618043200059,-0.167907458942585,-1.54456112841689,-1.75226943934523,"E.tridentata","xyl"
"855",-0.170006192219851,-0.0239036930920201,0.029877641101603,-0.00774598302168497,"X.violacea","xyl"
"856",-0.151240844216207,-0.0450397374947596,0.0794537766263758,-0.0266711621162607,"X.violacea","xyl"
"857",0.0801006932211092,-0.0377842905502526,0.123921382198745,-0.0693146002067585,"X.violacea","xyl"
"858",0.509678617391899,0.0111399093284344,0.159313956284224,-0.11430604408932,"X.violacea","xyl"
"859",0.393739679907197,0.309275288076031,0.0101862927621334,0.0144996777155815,"X.violacea","xyl"
"860",0.0574639072598507,1.27333180003276,-0.0416395959794831,0.351023313520681,"X.violacea","xyl"
"861",-0.104552140622834,1.28277483266342,0.0397622024899172,0.270238640194839,"X.violacea","xyl"
"862",-2.90439656152619,-0.111660789142836,0.334940138868507,0.130424679278498,"X.violacea","xyl"
"863",-0.170006192219851,-0.0239036930920201,0.029877641101603,-0.00774598302168497,"X.virginica","xyl"
"864",-0.151240844216207,-0.0450397374947596,0.0794537766263758,-0.0266711621162607,"X.virginica","xyl"
"865",0.0801006932211092,-0.0377842905502526,0.123921382198745,-0.0693146002067585,"X.virginica","xyl"
"866",0.509678617391899,0.0111399093284344,0.159313956284224,-0.11430604408932,"X.virginica","xyl"
"867",0.393739679907197,0.309275288076031,0.0101862927621334,0.0144996777155815,"X.virginica","xyl"
"868",0.0574639072598507,1.27333180003276,-0.0416395959794831,0.351023313520681,"X.virginica","xyl"
"869",-0.104552140622834,1.28277483266342,0.0397622024899172,0.270238640194839,"X.virginica","xyl"
"870",1.96356577879667,2.71985880517646,0.112225953381947,0.0451980872605682,"X.virginica","xyl"
"871",-0.170006192219851,-0.0239036930920201,0.029877641101603,-0.00774598302168497,"X.pubescens","xyl"
"872",-0.151240844216207,-0.0450397374947596,0.0794537766263758,-0.0266711621162607,"X.pubescens","xyl"
"873",0.0801006932211092,-0.0377842905502526,0.123921382198745,-0.0693146002067585,"X.pubescens","xyl"
"874",0.509678617391899,0.0111399093284344,0.159313956284224,-0.11430604408932,"X.pubescens","xyl"
"875",0.393739679907197,0.309275288076031,0.0101862927621334,0.0144996777155815,"X.pubescens","xyl"
"876",0.0574639072598507,1.27333180003276,-0.0416395959794831,0.351023313520681,"X.pubescens","xyl"
"877",0.805804403515639,1.63808834608459,-0.513092086637362,0.942171827806096,"X.pubescens","xyl"
"878",-0.170006192219851,-0.0239036930920201,0.029877641101603,-0.00774598302168497,"H.laboriosa","meg"
"879",-0.151240844216207,-0.0450397374947596,0.0794537766263758,-0.0266711621162607,"H.laboriosa","meg"
"880",0.0801006932211092,-0.0377842905502526,0.123921382198745,-0.0693146002067585,"H.laboriosa","meg"
"881",-2.94090897217105,-0.613122632552251,0.182810640739806,0.0240192726160419,"H.laboriosa","meg"
"882",-0.170006192219851,-0.0239036930920201,0.029877641101603,-0.00774598302168497,"M.rotundata","meg"
"883",-0.151240844216207,-0.0450397374947596,0.0794537766263758,-0.0266711621162607,"M.rotundata","meg"
"884",-2.72621898765297,-0.656994331269167,0.708512082024,0.0698080796535321,"M.rotundata","meg"
